SchoolName,DataID
A.C.J. PHAKADE PRIMARY SCHOOL,91WCTMFSHY
A.F. KRIEL VGK PRIMÊRE SKOOL,DLAYWM1E1B
A.F. LOUW LAERSKOOL,54AXV5WLYH
A.H. BARNARD PRIMÊRE SKOOL,TK6CZTST7C
A.Z. BERMAN HIGH SCHOOL,NUHUMZXEK6
A.Z. BERMAN PRIMARY SCHOOL,GINRQB3J5Y
AAN DE DOORNS NGK PRIMÊRE SKOOL,CCNFZK244R
ABEDARE PRIMARY SCHOOL,CIJSH4XEYB
ACACIA PRIMÊRE SKOOL,O4RTQ84OCO
ACADEMIA PRIMARY SCHOOL,6EV0ZXMQC1
ACCORDIONSTRAAT PRIMARY SCHOOL,9D4O7O6S10
ACHTERTUIN AME PRIMÊRE SKOOL,KV79MGK7VZ
AGAPESKOOL,MPJSH6I0FY
AGTERWITZENBERG VGK PRIMÊRE SKOOL,NNWAOSOMIQ
AGULHAS SCHOOL OF SKILLS,V0GGNAIV43
AKASIAPARK LAERSKOOL,YH70PI4IID
AKKERBOOM PRIMÊRE SKOOL,WH5ACWLO10
ALBERT MYBURGH SEKONDÊRE SKOOL,D6HSNLJCWI
ALBERTINIA HOËRSKOOL,CP5QLVKV4W
ALEXANDER SINTON SECONDARY,LYR00LGG1M
ALFONS PRIMÊRE SKOOL,VFRLY1Q87U
ALFRED STAMPER PUBLIC PRIMARY SCHOOL,RCE6QNH55J
ALICEDALE PRIMARY SCHOOL,XAG4IAOYHN
ALOE HIGH SCHOOL,U4299XTVEG
ALPHA PRIMÊRE SKOOL,WU90JX911C
ALPHA SKOOL,LK3I7SVYZ2
ALPINE PRIMARY SCHOOL,JA3XI4H1NK
ALTA DU TOIT SKOOL,95UAM5U4R9
ALTENA PRIMARY SCHOOL,KOLCGEQYRK
AMALIENSTEIN LB PRIMÊRE SKOOL,V1Z9UFLU4E
AMSTELHOF PRIMÊRE SKOOL,Y6UDVVGQE7
ANDILE PRIMARY SCHOOL,038WNYM9BI
ANNE PIENAAR GEDENK NGK PRIMÊRE SKOOL,DU8AASZ3BM
APEX HIGH SCHOOL,354PYH7V40
APEX PRIMARY SCHOOL,RS7X6P1SOJ
AQUILA HIGH SCHOOL,M2MDU30WNF
ARCADIA PRIMARY SCHOOL,8BT5X96Z9C
ARCADIA SENIOR SEKONDÊRE SKOOL,GGLQPAS1SD
ARIESKRAAL SSKV PRIMÊRE SKOOL,5PVALES634
ARISTEA PRIMARY SCHOOL,LT75VKZOO4
ASHBURY PRIMÊRE SKOOL,3MP1JHAD95
ASHTON LAERSKOOL,UEAG6FNS2O
ASHTON PUBLIC COMBINED SCHOOL,EHX0QK0HPA
ASHTON SEKONDÊRE SKOOL,8AS2RSDOH1
ASHTON VOCATIONAL ACADEMY,F5P4D0A0BG
ASTRA SKOOL,C5IO5KAB5Y
ATHLONE NORTH PRIMARY SCHOOL,A0J3ARLHF1
ATHLONE SECONDARY SCHOOL,00UU2XNWIS
ATHLONE SKOOL VIR BLINDES,UW04POAP0W
ATHWOOD PRIMARY SCHOOL,S54GSA9ZXP
ATLANTIS SEKONDÊRE SKOOL,9DU90KY42V
ATLANTIS VAARDIGHEIDSKOOL,V1QYNM8BGC
ATTIE VAN WYK VGK PRIMÊRE SKOOL,O8QTEPDBIJ
AUGSBURG LANDBOUGIMNASIUM,88J17R1OV2
AURIAL COLLEGE,OYF0N0E5XB
AURORA HOËRSKOOL,MEXBW0UW2O
AVIAN PARK PRIMÊRE SKOOL,BDWA4GZ9CT
AVONDALE PRIMARY SCHOOL,EJ0X4RH50R
AVONTUUR LB PRIMÊRE SKOOL,WIGBJPF1YD
AXIOS SCHOOL OF SKILLS,569NOMLY9M
B.F. OOSTHUIZEN PRIMÊRE SKOOL,TTX6S1LZSU
BAARTMANSFONTEIN NGK PRIMÊRE SKOOL,OILBOZ9J8O
BADEN NGK PRIMÊRE SKOOL,6X4IAUE9WZ
BAKERVILLE PRIMÊRE SKOOL,852OOHWRAE
BALVENIE PRIMARY SCHOOL,CQM32GIJRG
BARDALE PRIMARY SCHOOL,ENODB8U8Y0
BARDALE SECONDARY SCHOOL,3BAB1TXSN5
BARRYDALE HOËRSKOOL,244NEQJXCZ
BASTIAANSE SEKONDÊRE SKOOL,N8881A6RCL
BASTION PRIMARY SCHOOL,ESOQENPIKM
BATAVIA SPESIALE SKOOL,73NHB1Z939
BATTSWOOD PRIMARY SCHOOL,UH34FCD1AT
BAY PRIMARY SCHOOL,24JHYUOYBR
BEACON HILL SEKONDÊR,TCB1O1QDNM
BEACON SKOOL,UW2AE5BQS6
BEACON VIEW PRIMARY SCHOOL,422LH0K59P
BEAUFORT WES VOORBEREIDINGSKOOL,G8CW8WWOG5
BEAUFORT WEST PRIMÊRE SKOOL,CG230RZNLB
BEAUFORT-WES SEKONDÊR,TRQUEXQGKJ
BEAUMONT PRIMARY SCHOOL,FPVHDWY9HA
BEAUVALLON SEKONDÊR,NTE1TNAPHA
BEL PORTO SKOOL,71AFVENP9R
BELGRAVIA SECONDARY,HOW42JB2RO
BELHAR PRIMARY SCHOOL,QBR43COD7U
BELHAR SEKONDÊR,C5GQJ668P9
BELLA VISTA HOËRSKOOL,1DO1JHIMHP
BELLA VISTA PRIMÊRE SKOOL,UG2XTQZJSC
BELLPARK PRIMARY SCHOOL,UOD3DCMSSO
BELLVILLE HOËR TEGNIESE SKOOL,NSQ95U59V3
BELLVILLE HOËRSKOOL,3J9H34413K
BELLVILLE PRIMARY SCHOOL,4UQKPCHHYA
BELLVILLE-NOORD PRIMÊRE SKOOL,5R5UNAAJJI
BELLVILLE-SUID PRIMÊRE SKOOL,JUKV8G1915
BELLVILLE-SUID SEKONDÊR,I025DX1HJY
BELMOR PRIMARY SCHOOL,4U2EWYUO3C
BELTHORN PRIMARY SCHOOL,ZPKO1UJ6KU
BELVUE PRIMARY SCHOOL,7A7C2UDXXH
BEREA MOR PRIMÊRE SKOOL,NU2PVMANQP
BERGENDAL SSKV PRIMÊRE SKOOL,J3R2K2329D
BERGHOF NGK PRIMÊRE SKOOL,FFTB69UBN5
BERGRIVIER NGK PRIMÊRE SKOOL,P5VRAG4CHN
BERGRIVIER SEKONDÊR,OUBDZU69RE
BERGSIG PRIMARY SCHOOL,SGWWCLNCID
BERGSIG PRIMÊRE SKOOL,VO6PL5IOD4
BERGVILLE PRIMÊRE SKOOL,O6ZZMSR3IF
BERGVLIET HIGH SCHOOL,U3WU00CZQV
BERGVLIET PRIMARY SCHOOL,5C5JXOL4JN
BERNADINO HEIGHTS SEKONDÊR,49KU1WFNKK
BERTIE BARNARD LAERSKOOL,Z9D4G7C1J9
BERZELIA PRIMARY SCHOOL,B3N870T15C
BET-EL PRIMÊRE SKOOL,CE692FW5RR
BET-EL SKOOL VIR EPILEPTICI,TWGNEPU8UT
BEVERLEY PARK PRIMARY SCHOOL,ALXLO8CNFL
BISHOP LAVIS PRIMARY SCHOOL,CBCZ7DD6RZ
BISHOP LAVIS SEKONDÊR,GKNZFP065H
BISHOPS SCHOOL OF SKILLS,206CCUWB46
BISSETSDRIFT AKADEMIE,BMRR21HI56
BITTERFONTEIN PRIMÊRE SKOOL,8MZG8RM1J1
BLACKHEATH PRIMARY SCHOOL,BLKJVAU7OG
BLACKHEATH SEKONDÊR,1VXPGCYJ1A
BLANCO LAERSKOOL,136TOFVZW9
BLOEKOMBOS PRIMARY SCHOOL,6FJPJA6QD2
BLOEKOMBOS SECONDARY SCHOOL,OMH47WVOFX
BLOEMENDAL NGK PRIMÊRE SKOOL,QFG4FM4TSK
BLOEMENHOF NGK PRIMÊRE SKOOL,6QNH41T7J7
BLOEMHOF HOËRSKOOL,C4ZBZ663IH
BLOMVLEI PRIMARY SCHOOL,C83DI3EDQK
BLOSSOM STREET PRIMARY SCHOOL,ZXTJ7CBVZI
BLOUBERG RIDGE PRIMARY SCHOOL,MA36CFO8XO
BLOUBERGRANT SECONDARY SCHOOL,B3GRW7C002
BLOUVLEI SKOOL,QC7L7T15JQ
BLUE DOWNS PRIMARY SCHOOL,R44LGYSY3Q
BLUE RIDGE PRIMARY SCHOOL,SDP28T9MJQ
BLUEBERRY HILL HIGH SCHOOL,XOAGFBG5MG
BO-DOORNRIVIER PRIMÊRE SKOOL,YPQFY4I88J
BOESMANSRIVIER NGK PRIMÊRE SKOOL,0XQDO85QYH
BOKMAKIERIE PRIMARY SCHOOL,VUZ4XBF0LG
BOLAND LANDBOUSKOOL,JP26AALWSA
BONGA LOWER PRIMARY SCHOOL,OLWN4R7XT6
BONGOLETHU PRIMARY SCHOOL,Y8FXW75XKF
BONGOLETHU PRIMARY SCHOOL(NYANGA),SWI6SROAOO
BONNE ESPERANCE PRIMÊRE SKOOL,GICD6CM3UC
BONNIEVALE HOËRSKOOL,NN9WPX7UCX
BONNIEVALE PRIMÊRE SKOOL,3MY5OWJBL6
BONTEBOK PRIMÊRE SKOOL,X2YADN2HAB
BONTEHEUWEL SEKONDÊR,MCRDT75ZJQ
BOONTJIESKRAAL PRIMÊRE SKOOL,ZC70IX29TK
BOOYSENDAL NGK PRIMÊRE SKOOL,OOAUW7F4KY
BOPLAAS NGK PRIMÊRE SKOOL,7W9AY5ZTY5
BOSMANSDAM HOËRSKOOL,WXZFYHISB9
BOSMANSDAM PRIMARY SCHOOL,VMJE7JZDSU
BOSTON PRIMARY SCHOOL,M0Z3EE5VX4
BOTHA'S HALTE NGK PRIMÊRE SKOOL,1UJ0EOWWWY
BOTHASIG HIGH SCHOOL,TNOWV4B7F3
BOTRIVIER PRIMÊRE SKOOL,QXQ8QTE4WT
BOTTELARY PRIMÊRE SKOOL,IX73V88ABM
BOUNDARY PRIMARY SCHOOL,1TUR4CZAAJ
BOY MULLER PRIMÊRE SKOOL,MSWIIVC86V
BRACKEN HILL EK PRIMÊRE SKOOL,BNAPTAL8PP
BRACKENFELL HOËRSKOOL,GOM961GS9Q
BRACKENFELL PRIMARY SCHOOL,04P541TDT4
BRAKFONTEIN EK PRIMÊRE SKOOL,7Y2CTWD55J
BRAMBLE WAY PRIMARY SCHOOL,MFBNPHQH6N
BRANDENBURG PRIMÊRE SKOOL,BMW4WGJMW6
BRANDWACHT NGK PRIMÊRE SKOOL,Z47SSG7JKW
BREDASDORP HOËRSKOOL,KVY6ACVZRK
BREDASDORP PRIMARY SCHOOL,PTYTIXO9SW
BREEDE VALLEY SCHOOL OF SKILLS,XUHFFDNPW3
BREËRIVIER HOËRSKOOL,JQ85V7GC0V
BREERIVIER LAERSKOOL,W8VSQ8GEGC
BREEVLEI PRIMÊRE SKOOL,IXO7UMT16R
BRIDGETOWN SECONDARY,QNFF69QYTZ
BRIDGEVILLE PRIMARY SCHOOL,09UD84LMH2
BRIDGTON SEKONDÊR,8T7FI30V1A
BRITSEVLAKTE NGK PRIMÊRE SKOOL,EA76ZDILOS
BRITSUM NGK PRIMÊRE SKOOL,YGS429T5RN
BROOKLANDS PRIMARY SCHOOL,XQWG98Q107
BRUCKNER DE VILLIERS PRIMÊRE SKOOL,T44618OS59
BUCK ROAD PRIMARY SCHOOL,57WDOBRF4Q
BUFFELJAGSRIVIER LAERSKOOL,WZ89EE42UA
BUFFELSKLOOF SSKV PRIMÊRE SKOOL,U9OGI3YSX0
BULUMKO SECONDARY SCHOOL,Q8R36AWN7T
BUREN HOËRSKOOL,AKKVVQC5YG
C.L. WILMOT PRIMARY SCHOOL,H8R1RS2CTA
CAFDA SCHOOL OF SKILLS,LCSXMG8PJN
CALITZDORP HOËRSKOOL,81KJWWIOVI
CAMPS BAY HIGH SCHOOL,D0BTJ618KU
CAMPS BAY PRIMARY SCHOOL,P6OXCYK4ZB
"CAPE ACADEMY FOR MATHS, SCIENCE AND TECHNOLOGY",D50Y3EGW9M
CAPE TOWN HIGH SCHOOL,O3DU9GD8LM
CAPRICORN PRIMARY SCHOOL,FCOACYD5YX
CARADALE PRIMARY SCHOOL,Q8DAYKTLF8
CARAVELLE PRIMARY SCHOOL,G0C1TA00MA
CAREL DU TOIT SENTRUM,B4C5IW94YT
CARL SCHREVE (MOR) PRIMÊRE SKOOL,E18V5U51MM
CARPE DIEM SKOOL,5DC70QQ0O5
CASCADE PRIMARY SCHOOL,4WTS6ONRX9
CATHKIN SECONDARY SCHOOL,FB3I1STQS3
CAVALLERIA PRIMARY SCHOOL,07KFFS0480
CECIL ROAD PRIMARY SCHOOL,WVI9IKVOMH
CEDAR PRIMARY SCHOOL,JCQP583V0P
CEDAR SECONDARY SCHOOL,UIL5CDN55Z
CEDERBERG ACADEMY,KAZ91G1L0F
CENTRAL PARK PRIMARY SCHOOL,G2YOAX6ZPP
CENTRE OF SCIENCE AND TECHNOLOGY,ACA163W23C
CERES PRIMÊRE SKOOL,UOAGFMF5WH
CERES SEKONDÊR,7ANYZARYBQ
CHAPEL STREET PRIMARY SCHOOL,IDKG5F0SZY
CHARLESTON HILL PRIMARY SCHOOL,T3WYUQMQ0L
CHARLESTON HILL SEKONDÊR,C83JZYSOFD
CHARLIE HOFMEYR HOËRSKOOL,A8V81C4U4I
CHATSWORTH AME PRIMARY SCHOOL,5L2554C7UF
CHERE BOTHA SKOOL,9HI0DA3OPQ
CHRIS HANI SECONDARY SCHOOL,I3U1K84TCA
CHRIS NISSEN PRIMARY SCHOOL,6MSTJSLILA
CHRISTIAN DAVID MOR PRIMÊRE SKOOL,HBHKRG3VP8
CHRISTMAS TINTO PRIMARY SCHOOL,8WWFGCHAV0
CHUMA PUBLIC PRIMARY SCHOOL,EMAJCW2STZ
CHUMISA PRIMARY SCHOOL,EFLZL9D3CE
CITRUSDAL PRIMÊRE SKOOL,QX8O5E3KXV
CLANWILLIAM SEKONDÊR,HPJJEXK1HB
CLAREMONT HIGH SCHOOL,EZ01G6JDH3
CLAREMONT PRIMARY SCHOOL,YE2IIBO2IR
CLARKE PRIMÊRE SKOOL,S45V6UN2D3
CLOETESVILLE HOËRSKOOL,PBUK1VRBHE
CLOETESVILLE PRIMÊRE SKOOL,25T20HHM3L
COLRIDGE PRIMÊRE SKOOL,ML9T2BS93J
CONCORDIA HIGH SCHOOL,MM55OUCAOG
CONCORDIA NGK PRIMÊRE SKOOL,PSHTXCTQ8C
CONCORDIA PRIMÊRE SKOOL,4Z2FOYQTRY
CONSTANTIA PRIMARY SCHOOL,Q2D2C9PMC4
CONVILLE PRIMARY SCHOOL,G7EM1T8KGD
CORNFLOWER PRIMARY SCHOOL,OHBJ9KKDLA
COURTRAI PRIMARY SCHOOL,QVLT88TELB
CRAVENBY SECONDARY SCHOOL,NO24WJUUBA
CRESTWAY SECONDARY SCHOOL,LW73FBDZ4O
CRYSTAL SEKONDÊR,RA5ZCO345U
CYPRESS PRIMARY SCHOOL,Q1PS844S1H
D.F. MALAN HOËRSKOOL,M72J82QVW5
DAGBREEK LAERSKOOL,OD5UXTZ00U
DAGBREEK PRIMARY SCHOOL,FXA2WHNFAM
DAL JOSAPHAT PRIMÊRE SKOOL,4FMH7SEGVA
DALUBUHLE PRIMARY SCHOOL,6ZNEPDICOG
DALWEIDE PRIMÊRE SKOOL,DST2JFSJHL
DANIE ACKERMANN PRIMARY SCHOOL,RYKZJCREOW
DANIEL LE ROUX PRIMÊRE SKOOL,NKFFLP1152
DANKOORD VGK PRIMÊRE SKOOL,58BBIJGTQM
DARLING HIGH SCHOOL,1QB9RO6TYF
DARLING LAERSKOOL,V9EXQVL753
DE DOORNS PRIMARY SCHOOL,GC2FEAOZHS
DE GRENDEL SPESIALE SKOOL,ICT5HL6BYQ
DE HEIDE PRIMARY SCHOOL,QLIM8RN2W1
DE HOOP LAERSKOOL,MT0YOPL710
DE JAGER VGK PRIMÊRE SKOOL,N1GWQ2E5M4
DE KRUINE SEKONDÊR,A3AXLGXLN9
DE KUILEN HOËRSKOOL,OUSDLXX9BB
DE KUILEN PRIMARY SCHOOL,ETY7RMJPJO
DE LA BAT-SKOOL,196JWM51RB
DE MEUL NGK PRIMÊRE SKOOL,7H8ID77OLW
DE RUST FUTURA AKADEMIE,Y8GGRMW4MP
DE RUST PRIMÊRE SKOOL,2L7F06Y4F9
DE RUST SEKONDÊR,RQS5A79DSA
DE TUINEN PRIMÊRE SKOOL,QIGL10VIJE
DE TYGER LAERSKOOL,ZG4X4YPJAH
DE VILLIERS GRAAFF HOËRSKOOL,VC6EEXLBMH
DE VILLIERS GRAAFF PRIMARY SCHOOL,W4GOD3FBDG
DE VILLIERS LAERSKOOL,DBF2OR6X12
DE VILLIERS PRIMÊRE SKOOL,L1ZA2I5VW5
DE VRIJE ZEE PRIMARY SCHOOL,4JOKUOVOYK
DE WAALVILLE PRIMÊRE SKOOL,3WNE0CBVWP
DE WAVEREN PRIMARY SCHOOL,8CE9N5EA7Q
DELFT HIGH SCHOOL,VEKB9B6I92
DELFT PRIMARY SCHOOL,VL46HRX4HN
DELFT TECHNICAL HIGH SCHOOL,QIQ50TKS5G
DELFT-NORTH PRIMARY SCHOOL,WIK5PR2GFF
DELFT-SOUTH PRIMARY SCHOOL,NGJ0QLSBAU
DELLVILLE PARK PRIMARY SCHOOL,X4EIFDQZ3S
DELTA PRIMARY SCHOOL,SZ5D227WS9
DENNEGEUR NGK PRIMÊRE SKOOL (OVERBERG),WJSLRY9T5A
DENNEGEUR PRIMARY SCHOOL (STRANDFONTEIN),J8DE1ZWBM7
DENNEMERE PRIMARY SCHOOL,3PZ54T8T1N
DENNEOORD LAERSKOOL,9WCOCXCPOJ
DENNEPRAG PRIMÊRE SKOOL,AWSIHCYSZ9
DESMOND MPILO TUTU SECONDARY SCHOOL,31CDJS4SXQ
DEVONVALLEI PRIMÊRE SKOOL,36RK0QA34Y
DIAZ PRIMÊRE SKOOL,XCECNMYDK0
DIAZVILLE HOËRSKOOL,Q5Z7XULTTJ
DIAZVILLE PRIMARY SCHOOL,8PTHJQ6VHQ
DIE BRON PRIMARY SCHOOL,VXXY535R2M
DIE DUINE PRIMARY SCHOOL,E0ERY00010
DIE EIKE VGK PRIMÊRE SKOOL,GB5GEYJXX8
DIEPKLOOF VGK PRIMÊRE SKOOL,OFW4KHF618
DIEPRIVIER VGK PRIMÊRE SKOOL,ACKKTYZUU3
DIETRICH MOR PRIMÊRE SKOOL,C1QHJW4KIC
DIRK BOSHOFF PRIMÊRE SKOOL,ZYQYH016V7
DIRKIE UYS HOËRSKOOL,5G9IGCZ518
DIRKIE UYS LAERSKOOL,0WCPMZYRR0
DISA PRIMARY SCHOOL (BONTEHEUWEL),4128XRV6E8
DISA PRIMARY SCHOOL (HOUT BAY),9099XOIOV4
DOMINIKAANSE SKOOL VIR DOWES,DQXKKFFQCM
DORINGBAAI PRIMÊRE SKOOL,J9LA8QMOBL
DOROTHEA SPESIALE SKOOL,G3E40I15CD
DOUGLAS ROAD PRIMARY SCHOOL,M5KHLJK5CO
DOWNEVILLE PRIMARY SCHOOL,D25BF2QAB0
DR. G.J. JOUBERT PRIMÊRE SKOOL,J6SMZ45TQD
DR. NELSON R. MANDELA HIGH SCHOOL,B2S47PIPQ8
DR. VAN DER ROSS PRIMARY SCHOOL,ZQE1Z7D0TU
DRAKENSTEIN PRIMÊRE SKOOL,OO8N1Y0DXN
DRIEFONTEIN NGK PRIMÊRE SKOOL,NJZNW8OM2V
DROSTDY HTS.,7PD8NLU7RE
DROSTDY SSKV PRIMÊRE SKOOL,3J0O0KLAB3
DRYDEN STREET PRIMARY SCHOOL,0MVE1UFO5K
DU NOON PRIMARY SCHOOL,YG1X1IERLF
DUNESIDE PRIMARY SCHOOL,ZIU4Y0LPC1
DURBANVILLE HOËRSKOOL,8EB0LJGESQ
DURBANVILLE PRIMARY SCHOOL,XCWFOAFNRT
DURBANVILLE VOORBEREIDINGSKOOL,AG88XODE0J
DYSSELSDORP PRIMÊRE SKOOL,Q8RYANMOY3
DYSSELSDORP SEKONDÊR,O0YQPGO3LR
E. A. JANARI PRIMARY SCHOOL,EKKIKVLHGS
E.J. MALGARTE PRIMÊRE SKOOL,D345PLDTG8
EASTER PEAK PRIMARY SCHOOL,H9P0MMHGM4
EASTVILLE PRIMARY SCHOOL,36P71K49Q8
EBEN DONGES HOËRSKOOL,BNO0DBEASR
EBENEZER PRIMARY SCHOOL,DC8J6XUT56
EBENHAESER PRIMÊRE SKOOL,CU34639UN3
EDEN PRIMARY SCHOOL,EDHSWVNH7H
EDEN SKOOL,F0UVQSBM9L
EDEN TECHNICAL HIGH SCHOOL,56DFSJZYMP
EDENDALE PRIMÊRE SKOOL,BEFRWCHTJ3
EDGEMEAD HIGH SCHOOL,TE5EEV7ADZ
EDGEMEAD PRIMARY SCHOOL,WAG1ML37TD
EDISON CENTURY CITY HIGH SCHOOL,VKKLJO21T8
EDWARD PRIMARY SCHOOL,92DY9XB5B8
EENDEKUIL PRIMÊRE SKOOL,IFV3XTC0J2
EERSTERIVIER SEKONDÊR,ZGH5NBFVHL
EIKENDAL PRIMARY SCHOOL,7YEE1J97Y8
EIKESTAD LAERSKOOL,UDCNI9LOCP
EILANDIA NGK PRIMÊRE SKOOL,DTVNKYUY92
EINDHOVEN PRIMARY SCHOOL,CKYILLSCPX
EISLEBEN ROAD PRIMARY SCHOOL,6C33ARJCMU
EKUTHULENI PRIMARY SCHOOL,FW1TD4V5F5
ELANDSFONTEIN NGK PRIMÊRE SKOOL,GHE9SOPXFW
ELANDSRIVIER NGK PRIMÊRE SKOOL,LP102IPGQY
ELDENE PRIMARY SCHOOL,5X12R3WX5F
ELIM MOR PRIMÊRE SKOOL,LMJY30CD21
ELIZABETHFONTEIN MOR PRIMÊRE SKOOL,SNT4LH6XNN
ELJADA-KAIROS SKOOL,OJL4C3GSGY
ELLERTON PRIMARY SCHOOL,QCQ7HX3N7M
ELNOR PRIMARY SCHOOL,6ZG1RZBO7N
ELSBURY PRIMARY SCHOOL,K6RI85AWYO
ELSIESRIVIER SEKONDÊR,XN7RZD1XW9
ELSWOOD PRIMÊRE SKOOL,YYD7DMHXAE
ELSWOOD SEKONDÊR,BTJWJMRZ65
ELUXOLWENI PRIMARY SCHOOL,C2QANPWJL6
EMIL WEDER SEKONDÊR,R7IZZ4WPR8
EMITHINI PRIMARY SCHOOL,2MIQFX8KG9
ENCOTSHENI PRIMARY SCHOOL,8AMUODT8L6
ENGELBRECHT NGK PRIMÊRE SKOOL,0KU8S4OK5X
ENKULULEKWENI PRIMARY SCHOOL,PTJ386O9KW
ENTSHONA PRIMARY SCHOOL,DIPTMX4AQU
ERICA PRIMARY SCHOOL,UNYVM3JP0S
ERIKA PRIMARY SCHOOL,GAFK4BB91F
EROSSKOOL,QZT0VV4P7D
ERRIE MOLLER NGK PRIMÊRE SKOOL,KTTQAYNALF
ESANGWENI SECONDARY SCHOOL,9O7D2W5M3A
ESSELENPARK PRIMÊRE SKOOL,LNSM3LRTC2
ESSELENPARK SEKONDÊR,JTJ3K4QMCX
ESSENHOUT PRIMARY SCHOOL,0NG0SSXJML
EURECON PRIMARY SCHOOL,Q0A15DI0JI
EUREKA PRIMÊRE SKOOL,JB3DF8A70H
EVERSDAL PRIMARY SCHOOL,94XGS50Z3M
EXCELSIOR PRIMARY SCHOOL (BELLVILLE),6JX3D6BQP5
EXCELSIOR SEKONDÊR,QCTO6VXOGB
EXCELSIOR VGK PRIMÊRE SKOOL,V3GEAM2YH2
EZELFONTEIN NGK PRIMÊRE SKOOL,2X4MSQAY2W
F.D. CONRADIE LAERSKOOL,0Y9YGTX6N8
F.J. CONRADIE PRIMÊRE SKOOL,BTOC7D0XOY
FACTRETON PRIMARY SCHOOL,E7QH1TYQPG
FAIRBAIRN COLLEGE,NH98YT9PWE
FAIRDALE HIGH SCHOOL,1URY45TVDQ
FAIRDALE NO.2 HIGH SCHOOL,LPRZP9CA1N
FAIRDALE PRIMARY SCHOOL,0FAUST7G2P
FAIRFIELD NGK PRIMÊRE SKOOL,T9QN8I3DY4
FAIRMONT HIGH SCHOOL,LSNEE3OHA4
FAIRMOUNT SECONDARY SCHOOL,4APN33P6ZI
FAIRVIEW PRIMARY SCHOOL,VXTW54ZWY0
FALSE BAY PRIMARY SCHOOL,W5RC9UMG7K
FANIE THERON PRIMARY SCHOOL,53UAET09CX
FERNDALE PRIMARY SCHOOL,1GUUNK7ORL
FEZEKA SECONDARY SCHOOL,1HDQWF1K2B
FEZEKILE SECONDARY SCHOOL,R0LXDBTM7G
FILIA SKOOL,0V87Q4G2KC
FIRGROVE PRIMARY SCHOOL,BNCGC3DF26
FISANTEKRAAL HIGH SCHOOL,LTUZFJV07W
FISANTEKRAAL PRIMARY SCHOOL,IP26D8LPIZ
FISH HOEK HIGH SCHOOL,OULIGN6FJU
FISH HOEK PRIMARY SCHOOL,51NJIFJQ3N
FISHERHAVEN ACADEMY,T88O0R5UM7
FLOREAT PRIMARY SCHOOL,DHMUX5TY67
FLORIDA SEKONDÊR,IIC8OR4E03
FLORIDA VAARDIGHEIDSKOOL,DRVSAU537M
FOREST HEIGHTS HOËRSKOOL,CH86NDLC61
FOREST HEIGHTS PRIMARY SCHOOL,6ZERTL5EDM
FOREST VILLAGE LEADERSHIP ACADEMY,N4M0LAET92
FORMOSA PRIMÊRE SKOOL,R80HG9GOJB
FRAAISIG PRIMARY SCHOOL,ATGDM1Z59N
FRANKEN VGK PRIMÊRE SKOOL,C7LJSMHBO2
FRANSCHHOEK HOËRSKOOL,J68I9BL2E6
FRANSIE DU TOIT NGK PRIMÊRE SKOOL,DJWDVBJROS
FRIEMERSHEIM PRIMÊRE SKOOL,JO7TA0HK3V
G.B. BATT NGK PRIMÊRE SKOOL,GLZ03LXOCM
GAMKA-OOS PRIMÊRE SKOOL,1QPSYAFHCD
GANSBAAI ACADEMIA,X41LTUNYWK
GANSBAAI LAERSKOOL,O368QV9NFD
GANSBAAI PRIMÊRE SKOOL,XOZ5KK2UQ6
GARDEN ROUTE HIGH SCHOOL,5KMOGLQ4GQ
GARDEN ROUTE PRIMARY SCHOOL,WRCEXWZUGD
GARDEN VILLAGE PRIMARY SCHOOL,V6SQZVAK7U
GARDENIA PRIMARY SCHOOL,34D0N8VLFI
GARDENS COMMERCIAL HIGH SCHOOL,7ZG3GNR9ST
GARLANDALE PRIMARY SCHOOL,S9X0DM44CL
GARLANDALE SEKONDÊR,RFNUD17H8T
GATEWAY HIGH SCHOOL,U7T98R5TOK
GATEWAY PRIMARY SCHOOL,I3XQO674J2
GEELHOUTBOOM VGK PRIMÊRE SKOOL,TLM9N5BRFY
GELUKSHOOP NGK PRIMÊRE SKOOL,QTZTZXIU8N
GENE LOUW PRIMARY SCHOOL,HT6Y5OP0CW
GEORGE FREDERICKS PRIMÊRE SKOOL,1BP1OYBRAF
GEORGE SEKONDÊR,24QP21IBAB
GEORGE VOORBEREIDINGSKOOL,7R809OTBJR
GEORGE-SUID LAERSKOOL,WLDOWIOROF
GERICKE LAERSKOOL,OVSVMLLF2Y
GERRIT DU PLESSIS SEKONDÊR,Q9MZPXPQ31
GIMNASIUM PRIMÊRE SKOOL,CNYFD70FZC
GLEN ELGIN MOR PRIMÊRE SKOOL,P3RIA1ADXE
GLEN HEATLIE AME PRIMÊRE SKOOL,4HSBSP6V54
GLENBRIDGE SPECIAL SCHOOL,XUR6MOMEPA
GLENDALE SECONDARY SCHOOL,W5TGO70EGN
GOEDEHOOP PRIMÊRE SKOOL,2O18ZBFXKR
GOEDGEGUN VGK PRIMÊRE SKOOL,G86U4VER6T
GOEDVERWACHT MOR PRIMÊRE SKOOL,9U6NELFQVQ
GOEIE HOOP PRIMÊRE SKOOL,MZHOLIQEW3
GOLDEN GROVE PRIMARY SCHOOL,MLCM3WTWUC
GOOD HOPE SEMINARY HIGH SCHOOL,QN8TL3Y1AB
GOOD HOPE SEMINARY JUNIOR,EAYAGEM0K2
GOODWOOD KOLLEGE,HEH2LC3RWG
GOODWOOD PARK PRIMARY SCHOOL,DSRXLN2D00
GORDON SEKONDÊR,HF1FOQIF1C
GORDONSBAAI LAERSKOOL,VQZHIA29KC
GOUDINI BAD NGK PRIMÊRE SKOOL,3UBRALVNS5
GOUDINI HOËRSKOOL,RXZSQHKI8C
GRAAFWATER PRIMÊRE SKOOL,VYQDL0C1EV
GRAAFWATER SPECIAL SCHOOL,66W8FAK3P8
GRABOUW HOËRSKOOL,OFMZOTRVN7
GRASSDALE HOËRSKOOL,43SA2JXT43
GRASSY PARK EC PRIMARY SCHOOL,K5A7ZGBT38
GRASSY PARK SECONDARY SCHOOL,OL6Z3FR5RK
GREENFIELD GIRLS' PRIMARY SCHOOL,D6XYT41JG7
GREENLANDS PRIMARY SCHOOL,4V2SOUT4FO
GREYTON PRIMÊRE SKOOL,4Y6J4G4I8E
GROENBERG NGK PRIMÊRE SKOOL,4QRC2K67OV
GROENBERG SEKONDÊR,YFG50MH7MX
GROENDAL PRIMÊRE SKOOL,5TXSTG1GB5
GROENDAL SEKONDÊR,Y9HL04D3K6
GROENHEUWEL PRIMARY SCHOOL,R0II6FPADN
GROENVLEI PRIMÊRE SKOOL,IC0MX8VSIY
GROENVLEI SECONDARY SCHOOL,PNNUMJ8P3Y
GROOT BRAKRIVIER PRIMÊRE SKOOL,JO07IAL0DA
GROOT-BRAKRIVIER SEKONDÊRE SKOOL,ZIWDJ7HL0K
GROOTE SCHUUR HIGH SCHOOL,1XQNAAKLJG
GROOTE SCHUUR HOSPITAAL SKOOL,5J5NCXYOPV
GROOTE SCHUUR PRIMARY SCHOOL,51P53OUPEZ
GROOTKLOOF PRIMÊRE SKOOL,G6VC9BQES2
GROOTKRAAL UCC PRIMÊRE SKOOL,9NI904O256
GROSVENOR PRIMÊRE SKOOL,4ECCL8BW02
GROVE PRIMARY SCHOOL,CHZJ983ZMY
H. VENTER PRIMÊRE SKOOL,VDFI2SCXQV
H.F VAN CUTSEM HIGH SCHOOL,HQ2GX6G9PD
H.J. KRONEBERG JUNIOR PRIMARY SCHOOL,60QRPE07NQ
H.M. BEETS PRIMÊRE SKOOL,FVD9PCGTJY
H.M. DLIKIDLA PRIMARY SCHOOL,4RIPMVAJJ9
H.P. WILLIAMS LAERSKOOL,WUC1SROV1Z
HAARLEM SEKONDÊRE SKOOL,VHXQQ3B5GM
HABIBIA PRIMARY SCHOOL,PHUJC8BY7O
HAPPY VALLEY NO.2 PRIMARY SCHOOL,YYHL5YTQYE
HAPPY VALLEY PRIMARY SCHOOL,IEB7PTVNB5
HARKERVILLE EK PRIMÊRE SKOOL,B8QSUY6OXF
HARMONY PRIMARY SCHOOL,3JVU4VYNSH
HAROLD CRESSY HIGH SCHOOL,WOWLQD6VFW
HARRY GWALA SECONDARY SCHOOL,3WNRD3XA6G
HARTENBOS LAERSKOOL,IHJELVHC9S
HARVESTER PRIMARY SCHOOL,5VJ2LAJRKR
HAWSTON PRIMÊRE SKOOL,X6AI8VRKWE
HAWSTON SEKONDÊR,K3O81WX6T5
HAZELDENE PRIMARY SCHOOL,98UJI8GKXE
HAZENDAL PRIMARY SCHOOL,CPKMO2EL2V
HEATHERDALE PRIMARY SCHOOL,ZVYF56Z650
HEATHERLANDS HIGH SCHOOL,JRP9Q10TYR
HEATHFIELD HIGH SCHOOL,WSUBPRHDEH
HEATHFIELD PRIMARY SCHOOL,DOEJWAK7UB
HECTOR PETERSON SECONDARY SCHOOL,M62J4GYV1P
HEIDEDAL PRIMÊRE SKOOL,9LPH5MGFYW
HEIDELBERG HOËRSKOOL,7RXJ85S5JO
HEIDEVELD PRIMARY SCHOOL,T3AD57XEY8
HEIDEVELD SEKONDÊR,U8SKMP5BCZ
HEINZ PARK PRIMARY SCHOOL,33H0K5P8Z9
HELDERBERG PRIMARY SCHOOL,WQEUX23Q91
HELDERKRUIN PRIMARY SCHOOL,FLWTTNQG1F
HENDRIK LOUW LAERSKOOL,LIPRSVFJEK
HERBERT STREET SPECIAL SCHOOL,1TAZKNXJIF
HERBERTSDALE LAERSKOOL,S0LQMSL95M
HERMANUS HOËRSKOOL,T1AQOU35ST
HERMANUS PRIMARY SCHOOL,1BBMYATU93
HERMESLAAN PRIMARY SCHOOL,6CPCW3WHFA
HEROLD LAERSKOOL,GM7E1OIBH4
HEXPARK PRIMÊRE SKOOL,B380YUPYVQ
HEXRIVIER NGK PRIMÊRE SKOOL,LI9S7FN5HH
HEXVALLEI HOËRSKOOL,7LCZQ8RX3J
HEXVALLEI SEKONDÊR,5ZKIQBSYB2
HIBERNIA VGK PRIMÊRE SKOOL,AEW1M7236B
HIGHBURY PRIMARY SCHOOL,PD2NKG8DR0
HIGHLANDS PRIMARY SCHOOL,OMNVILTCT4
HILLCREST PRIMÊRE SKOOL,12FZX7IAF5
HILLCREST SEKONDÊR,6RKGHH07BF
HILLSIDE PRIMARY SCHOOL (M/PLAIN),4196AOL2S3
HILLSIDE PRIMÊRE SKOOL,QPDPW7E4IC
HILLWOOD PRIMARY SCHOOL,1Z6T1TCQB9
HINDLE HIGH SCHOOL,B15L1A0IXI
HINDLE ROAD WEST PRIMARY SCHOOL,24Q441TWZ3
HLENGISA PRIMARY SCHOOL,NUIJEGFPI7
HOEKO VGK PRIMÊRE SKOOL,ADD0BV7T86
HOEKWIL LAERSKOOL,MN5IQOOXO0
HOËR JONGENSKOOL PAARL,YDSBVDRZB4
HOËRSKOOL GIMNASIUM PAARL,FF1UV0B40Q
HOLVLEI PRIMÊRE SKOOL,6XJN25J3LH
HOLY CROSS PRIMARY SCHOOL (GEORGE),FVP1CELBC3
HOLY CROSS RC PRIMARY SCHOOL,EO7N0W0CA6
HOMBA PRIMARY SCHOOL,XXAP9T42LV
HOOFWEG PRIMARY SCHOOL,C3HJUI39LW
HOOGEKRAAL SSKV PRIMÊRE SKOOL,Q4WKTUH3O1
HOPEFIELD HOËRSKOOL,JID7Z96EJ9
HOPEFIELD PRIMÊRE SKOOL,P6EHGIBSE2
HOPOLANG PRIMARY SCHOOL,JG0I01HC64
HORNLEE PRIMÊRE SKOOL,K1A99FOOZR
HOTTENTOTS-HOLLAND HOËRSKOOL,VL7UI1RQVH
HOUT BAY PRIMARY SCHOOL,L0K7PNMTFB
HOUTBAAI SEKONDÊR,8QM1QO81WF
HUGENOTE HOËRSKOOL,EQ6YAM8GPO
HUGENOTE PRIMARY SCHOOL,QON92O4RF5
HUGO RUST LAERSKOOL,YRB0J0FQTS
HUGUENOOT VGK PRIMÊRE SKOOL,X40ASUJRPL
HUGUENOT PRIMARY SCHOOL,NXN70ETHZA
HYACINTH PRIMARY SCHOOL,2NFM4WPGS2
HYDE PARK PRIMARY SCHOOL,ZQE0IE4YUT
I. D. MKIZE SEN SECONDARY,SLKPY9VYD4
IDASVALLEI PRIMARY SCHOOL,2ARVY9XUDM
IHLUMELO JUNIOR SECONDARY SCHOOL,Y2WCCF66U8
IINGCINGA ZETHU SECONDARY SCHOOL,FN79RZ44HB
IKAMVALETHU SECONDARY SCHOOL,K9G61O14MV
IKAYA PRIMARY SCHOOL,W7XD26GOF8
IKHUSI PRIMARY SCHOOL,9Z8NAMUJG2
IKHWEZI leSIZWE PRIMARY SCHOOL,SRG2RXO8GI
ILINGELETHU SECONDARY SCHOOL,TSJZRCFDF0
IMBASA PRIMARY SCHOOL,V90EIFKW3H
IMBONISELO PRIMARY SCHOOL,ZVEUEYN10X
IMEKHAYA PRIMARY SCHOOL,MXAO30961S
IMIZAMO YETHU SECONDARY SCHOOL,VZI2TAMGXH
IMMACULATA (R.C) GIRL'S HIGH SCHOOL,SVN4R1GIP9
IMPENDULO PUBLIC PRIMARY SCHOOL,IXWEMMAWQV
IMPERIAL PRIMARY SCHOOL,R76ZZIRZ76
IMVUMELWANO PRIMARY SCHOOL,VE1SX3GHXL
INDWE SECONDARY SCHOOL,GAGIG34RXE
INGOMSO LETHU PRIMARY SCHOOL,2OCNRZJ2KI
INJONGO PRIMARY SCHOOL,D94VSC9PW5
INKANINI PRIMARY SCHOOL,8VOOY54C2D
INKWENKWEZI SECONDARY SCHOOL,N83SOEKQQB
INTLANGANISO SECONDARY SCHOOL,C4J7B94B8U
INTSEBENZISWANO SECONDARY SCHOOL,D81F29ABOO
INTSHAYELELO PRIMARY SCHOOL,ZLQ176BOUW
INTSHINGA PRIMARY SCHOOL,OUC1Y031KN
INTSHUKUMO SECONDARY SCHOOL,OWXMKOTJA3
IQHAYIYA SECONDARY SCHOOL,ADHYAV0TA0
IRISTA PRIMARY SCHOOL,0OKH9A3AFC
ISALATHISO PRIMARY SCHOOL,1L4HZUBLYE
ISIKHOKELO PRIMARY SCHOOL,9L800HJOLX
ISILIMELA SECONDARY SCHOOL,2PYO8KHZSL
ISIPHIWO PRIMARY SCHOOL,5DTQGFY6Q4
ITHEMBA PRIMARY SCHOOL,GAUSUD6UH2
ITSITSA PRIMARY SCHOOL,RUVKLU6LPS
J.G. MEIRING HOËRSKOOL,XTNFLJ152W
J.J. RHODE PRIMÊRE SKOOL,IUTAEPQP20
J.S. KLOPPER PRIMARY SCHOOL,THLOATEUP5
JAKES GERWEL TECHNICAL SCHOOL,1L83309XO4
JAMAICAWEG PRIMARY SCHOOL,KZTUZPFL93
JAN KRIEL-SKOOL,WQXGCMVENL
JAN VAN RIEBEECK HOËRSKOOL,B0WIFSK0FF
JAN VAN RIEBEECK PRIMÊRE SKOOL,9K5YY1AVDP
JOE SLOVO SECONDARY SCHOOL,B00UF4DACC
JOHN D CRAWFORD PRIMÊRE SKOOL,E0JGH0GVQL
JOHN GRAHAM PRIMARY SCHOOL,J3BNLV5HT0
JOHN PAMA PRIMARY SCHOOL,NX5G26O8PE
JOHN RAMSAY HOËRSKOOL,QN56P1HJ79
JONGA STREET SECONDARY SCHOOL,IS284KMST0
JONGENSKLIP PRIMÊRE SKOOL,0NW0OTBDOX
JOOSTENBERG SSKV PRIMÊRE SKOOL,CK02FJ8CUY
JUPITER STREET PRIMARY SCHOOL,AT7U2UR74C
JURIE HAYES PRIMARY SCHOOL,PCD0HWZLEA
KAIROS PRIMARY SCHOOL,5DALTIYIZ6
KAIROS SEKONDÊR,0T48SFUPLU
KALKFONTEIN PRIMARY SCHOOL,HHO1JS75WU
KALKSTEENFONTEIN PRIMÊRE SKOOL,9AZ1IQHDO9
KANNEMEYER PRIMARY SCHOOL,0X9B9FEA0K
KARATARA LAERSKOOL,15BSH4R7GZ
KARITAS SKOOL,447ATRDFCD
KAROOKOP PRIMÊRE SKOOL,EQJ6BV2Y66
KASSELSVLEI KOMPREHENSIEWE HOËRSKOOL,PIIJALWM69
KASSELSVLEI PRIMARY SCHOOL,C7CSGCYL15
KATHLEEN MURRAY PRIMÊRE SKOOL,8GG2ZOBTEY
KAYAMANDI PRIMARY SCHOOL,BV3QGLCP0J
KAYAMANDI SECONDARY SCHOOL,W4AOP7RCEA
KEEROM SSKV PRIMÊRE SKOOL,HL90NYJAWC
KEISIE VGK PRIMÊRE SKOOL,W1CK5F2Y29
KENMERE PRIMARY SCHOOL,Y1W1OQKK9Y
KENRIDGE PRIMARY SCHOOL,ATG0WDLNTL
KENSINGTON SECONDARY SCHOOL,JQ6OLKLZS6
KENWYN PRIMARY SCHOOL,BSMXC926GP
KERRIA PRIMARY SCHOOL,S0I4UX6L1T
KERSBOSLAAGTE SSKV PRIMÊRE SKOOL,QBBRFM607G
KEWTOWN PRIMARY SCHOOL,B68JW59A98
KHANYA PRIMARY SCHOOL,AC4TJ97ZAB
KHANYOLWETHU SECONDARY SCHOOL,S1SDPHCUT4
KHAYELITSHA LSEN SCHOOL,88TM73XY6E
KIRSTENHOF PRIMARY SCHOOL,WYRFS2OPO2
KLAARSTROOM PRIMÊRE SKOOL,92J7DUP36H
KLAASVOOGDS PRIMÊRE SKOOL,AI81CRGASW
KLAPMUTS HIGH SCHOOL,BE8U7SZN8X
KLAPMUTS HILL PRIMARY SCHOOL,ZT5P5EMJ99
KLAPMUTS PRIMÊRE SKOOL,Z4WQ1ZNGN7
KLAWER LAERSKOOL,9BWN3JF6L1
KLAWERVLEI PRIMÊRE SKOOL,A4Q2545W5E
KLEIN NEDERBURG SEKONDÊR,YIEBC9Y5XD
KLEINBERG PRIMARY SCHOOL,OK11L971Z7
KLEINFONTEIN PRIMÊRE SKOOL,SRJD407AGJ
KLEINKARNMELKVLEI NGK PRIMÊRE SKOOL,FLTUBFMJB9
KLEINMOND LAERSKOOL,7LYDZ9FPPZ
KLEINMOND PRIMARY SCHOOL,NZK0E0M2TF
KLEINRIVIER VGK LAERSKOOL,C83IFX0OHD
KLEINVLEI SEKONDÊR,7IQDTOUSTD
KLIPDALE EK PRIMÊRE SKOOL,R92MRTE04J
KLIPDRIFT EK PRIMÊRE SKOOL,ZHNQN7F2KD
KLIPFONTEIN MET PRIMÊRE SKOOL,VGGYM31QZD
KLIPFONTEIN PRIMÊRE SKOOL,VVURV863QY
KLIPHEUWEL PRIMÊRE SKOOL,90JTCQG03S
KLUITJIESKRAAL NGK PRIMÊRE SKOOL,CESFXPVMVB
KNYSNA HOËRSKOOL,MGZ0RLP1XC
KNYSNA PRIMARY SCHOOL,91XFPA65UD
KNYSNA SEKONDÊR,5KZ77RZVKR
KOEBERG HIGH SCHOOL,6C15LF89TT
KOEBERG PRIMARY SCHOOL,98JF76RCPR
KOEKENAAP VGK PRIMÊRE SKOOL,M31M9KK95C
KOELFONTEIN NGK PRIMÊRE SKOOL,91QQC78CQD
KOMMANDANTSDRIFT SSKV PRIMÊRE SKOOL,QKEL5TCH8M
KOMMETJIE PRIMARY SCHOOL,ISPJ8EN34P
KOOS SADIE PRIMARY SCHOOL,BZQQ2H8PXJ
KORANRUG PRIMÊRE SKOOL,FF7BNQF65Z
KORINGBERG PRIMÊRE SKOOL,0KN82HWQTO
KOSIE DE WET PRIMARY SCHOOL,WKR7X84Z2K
KOUE BOKKEVELD LAERSKOOL,OMFWJIVXCW
KRAAIFONTEIN AME PRIMÊRE SKOOL,IT0FFXXSRS
KRAAIFONTEIN HIGH SCHOOL,G9K8RH7BMO
KRANSHOEK PRIMÊRE SKOOL,BG9KDKV493
KRETZENSHOOP PRIMÊRE SKOOL,H4AKUKD86N
KROMLIN PRIMÊRE SKOOL,9UEXXFFGM8
KRONENDAL PRIMARY SCHOOL,EW54EE221L
KRUISRIVIER-WES UCC PRIMÊRE SKOOL,1RJ7AQXTHT
KUILS RIVER PRIMARY SCHOOL,4XXNZ3AOGZ
KUILS RIVER TECHNICAL SECONDARY SCHOOL,VF0Y8NV8OS
KUKHANYILE PUBLIC PRIMARY SCHOOL,HLTGWPQDO9
KULANI SECONDARY SCHOOL,MN9U1SJ7D8
KUYAKHANYA PRIMARY,LP03NHU9AK
KUYASA PRIMARY SCHOOL,TYG6W0K9N3
KWA-FAKU PRIMARY SCHOOL,58DDORGECC
KWAMFUNDO SECONDARY SCHOOL,993OUFEZD5
KWANOKUTHULA PRIMARY SCHOOL,RP6WJ82G51
KWEEKKRAAL NGK PRIMÊRE SKOOL,VZQFYUCDT4
KYLEMORE SEKONDÊR,PES3DA8MGS
L.K. ZEEMAN ACADEMY,NQ1K7OA7AU
L.R. SCHMIDT MOR PRIMARY SCHOOL,E7177JGVS4
LA PLAISANTE NGK PRIMÊRE SKOOL,YE892X2IWO
LA ROCHELLE GIRLS PRIMARY SCHOOL,Z430PQ7W9V
LA ROCHELLE MEISIES HOËRSKOOL,6PPWWLYW9D
LAASTEDRIF NGK PRIMÊRE SKOOL,4QGTGF6MBB
LABIANCE PRIMARY SCHOOL,8WUCMCXKHS
LABORI HOËRSKOOL,7M6A03WFOD
LADISMITH HOËRSKOOL,YJ55IVOQCV
LADISMITH SEKONDÊR,6BQ7UQ491W
LAERSKOOL WAVEREN,1MIRCKZ21R
LAINGSBURG HOËRSKOOL,YQ3IWP8W3G
LAMBERTS BAY HIGH SCHOOL,5JHU7344XN
LANCEWOOD PRIMÊRE SKOOL,TL34ZB5YBX
LANGA SECONDARY SCHOOL,XOC2K55DVB
LANGABUYA PRIMARY SCHOOL,2I59PYLFU8
LANGEBAAN PRIMÊRE SKOOL,TBMPCIQRVR
LANGEBAANWEG LAERSKOOL,CD42RE22HJ
LANGEBERG SEKONDÊR,I3R2KDB2YZ
LANGENHOVEN GIMNASIUM,YS3I1O1EEE
LANGENHOVEN HOËRSKOOL,SLZWMCVWRV
LANGERUGSKOOL,GTZDZAFW6I
LANGVLEI SSKV PRIMÊRE SKOOL,IPKBTXPTJ8
LANTANA PRIMARY SCHOOL,PIX3UYVSYV
LATEGANSVLEI SSKV PRIMÊRE SKOOL,CV06YH7ER2
LATHI-THA SCHOOL OF SKILLS,FIBP3UKVB2
LAURIE HUGO PRIMÊRE SKOOL,7U2A1VJKMQ
LAURUS PRIMERE SKOOL,UD8Q6BC93W
LAVENDER HILL HIGH SCHOOL,BUCFR3727M
LAVISRYLAAN PRIMARY SCHOOL,Y189NKPYB8
LAWRENCIA PRIMÊRE SKOOL,EFCTZM0BZ8
LE CHASSEUR VGK PRIMÊRE SKOOL,T93PN3NDEP
LEEU GAMKA PRIMÊRE SKOOL,19MAZUHZPY
LEHLOHONOLO PRIMARY SCHOOL,1W2RM47EOI
LEIDEN AVENUE PRIMARY SCHOOL,GM5IN02MAX
LEIDEN JUNIOR HIGH SCHOOL,G23G4PKL0I
LEIDEN PRIMARY SCHOOL,V45AKJ1QBB
LEIDEN SECONDARY SCHOOL,4L94FD73WA
LEIPOLDTVILLE NGK PRIMÊRE SKOOL,2QMYUO2DHP
LEIPZIG SSKV PRIMÊRE SKOOL,R1S45I3Q9A
LEMOENPOORT PRIMÊRE SKOOL,ZQG264UMB0
LEMOENSHOEK NGK PRIMÊRE SKOOL,8R2IGPXN7L
LENTEGEUR SCHOOL FOR LSEN-SMH,QGD83E6VD9
LENTEGEUR SECONDARY SCHOOL,C5G56SZ98G
LEONSDALE PRIMÊRE SKOOL,LF0F0UIJDZ
LEVANA PRIMARY SCHOOL,Y1Z6QVVKXV
LIEBENBERG PRIMARY SCHOOL,7UFKBJ3W62
LIESBEECK PRIMARY SCHOOL,OFPNO8JSO6
LIGSTRAAL SKOOL,W78B8SGZA6
LINGE PRIMARY SCHOOL,QLD2HQKYYW
LINGOMSO PRIMARY SCHOOL,CURET0RMLO
LITHA PRIMARY SCHOOL,HQJSIQE6MU
LITTLEWOOD PRIMARY SCHOOL,LUV9NWBDP7
LIVINGSTONE HIGH SCHOOL,26B2VU1J1J
LIWA PRIMARY SCHOOL,3ZSQGN5AF5
LLANDUDNO PRIMARY SCHOOL,UK68D25BTG
LOCHNERHOF LAERSKOOL,D08EZMRF5T
LORETO PRIMARY SCHOOL,O4ZTOH3WWX
LORRAINE NGK PRIMÊRE SKOOL,LG8G1RP7W2
LOTUS RIVER PRIMARY SCHOOL,I2X9VL2PDQ
LOTUS SEKONDÊR,TZQ7B9NRJM
LOURIER PRIMARY SCHOOL,R0W53FJ7Y6
LOUWVILLE HOËRSKOOL,M0ESJMK9AO
LOWER CROSSROADS HIGH SCHOOL,1AQ9ZES6WI
LUCKHOFF SEKONDÊR,4615W7KI4T
LUDWE NGAMLANA PRIMARY SCHOOL,9EXCX1E7OK
LUHLAZA SECONDARY SCHOOL,UANYAFS5HB
LUKHANYO PRIMARY SCHOOL,416KM5R9JX
LULEKA PRIMARY SCHOOL,QGE1ID7T4R
LUTZVILLE HOËRSKOOL,98W3EC6QI9
LUTZVILLE NGK PRIMÊRE SKOOL,MHCDB3L8FR
LUZUKO PRIMARY SCHOOL,X602LZSBOT
LWANDLE HIGH SCHOOL,KZD7LAMNQ4
LWANDLE PRIMARY SCHOOL,TNZ52TOBZP
LWAZI PRIMARY SCHOOL,6B5G2JOAPJ
M M MATEZA PRIMARY SCHOOL,TFSVAX2IOQ
MACASSAR PRIMÊRE SKOOL,VDM384OSKB
MACASSAR SEK,VGH8SAGKKN
MAGNOLIA PRIMÊRE SKOOL,UV3DBRGNY6
MAITLAND HIGH SCHOOL,LBZXVNON6Z
MAKUPULA SECONDARY SCHOOL,AWO6SCKI7Z
MALIBU SEKONDÊR,Q9P9EDJ952
MALMESBURY HIGH SCHOOL NO.2,0VEMEL1X7N
MAMRE PRIMÊRE SKOOL,WN8HPL16MD
MANDALAY PRIMARY SCHOOL,D73UCQF5GK
MANDLENKOSI SECONDARY SCHOOL,W6W251QTEV
MANENBERG PRIMARY SCHOOL,E9W9CZZT04
MANENBERG SEKONDÊR,WZKX912GML
MANYANO HIGH SCHOOL,S1SHG2W8YV
MANZOMTHOMBO SECONDARY SCHOOL,VN5K69KVB9
MARAISDAL NGK PRIMÊRE SKOOL,38VW18SVN7
MARCONI BEAM PRIMARY SCHOOL,ZBZW5AZ93H
MARIAN RC SECONDARY SCHOOL,1M2W7OFAUR
MARINE PRIMARY SCHOOL,LKGUM6PPTO
MARVIN PARK PRIMARY SCHOOL,NYK9YIKEXJ
MARY HARDING SKOOL,53RBE58WUG
MARY KIHN SCHOOL,5XAW3SWEO0
MASAKHANE PRIMARY SCHOOL,Z3UTVSMGXY
MASAKHEKE COMBINED SCHOOL,R09ANPQGWE
MASIBAMBANE SECONDARY SCHOOL,FWTEGEGQM4
MASIBAMBISANE SECONDARY SCHOOL,TKJD74NVW4
MASIFUNDE PRIMARY SCHOOL,0L6ZM5GD1H
MASIPHATHISANE PRIMARY SCHOOL,HT8RA0H09O
MASIPHUMELELE HIGH SCHOOL,QKRMN1XWYJ
MASIPHUMELELE PRIMARY SCHOOL,3N4QC5J0GG
MASIVUKE PRIMARY SCHOOL,FHFH44RVQF
MASIYILE SENIOR SECONDARY SCHOOL,DUYJ0D4LQH
MASKAM PRIMÊRE SKOOL,EM7TXEO19X
MASONWABE PRIMARY SCHOOL,IFBZCGMJF1
MATJIESFONTEIN LB PRIMÊRE SKOOL,UC5R6IEJ8M
MATJIESRIVIER NGK PRIMÊRE SKOOL,EDROPGUXLQ
MATROOSBERG HOLY TRINITY RC PRIMARY SCHOOL,NGV61A773H
MATROOSBERGWEG PRIMARY SCHOOL,WGQ0YKS6S3
MATROOSFONTEIN PRIMARY SCHOOL,S6RFLBMX63
MATTHEW GONIWE MEMORIAL HIGH SCHOOL,UUDONHKIWC
MAXONIA NGK PRIMÊRE SKOOL,58K5GZXLKW
MBEKWENI PRIMARY SCHOOL,W8L8K9EKLY
MCGREGOR PRIMÊRE SKOOL,6POO7M8KGQ
MEADOWRIDGE PRIMARY SCHOOL,ON91RKP0XA
MEIRING PRIMÊRE SKOOL,EUHN2LYVXO
MELKBOS HIGH SCHOOL,IOLWNQKL7W
MELKHOUTFONTEIN PRIMÊRE SKOOL,4HE9QDMCAI
MELTON PRIMARY SCHOOL,U6Q0XZ0YYI
MERRYDALE PRIMARY SCHOOL,I16Y6BFGH4
MERWEVILLE PRIMÊRE SKOOL,9GBEJDQMK7
MEULENHOF PRIMARY SCHOOL,WT68XOMIU3
MFULENI PRIMARY SCHOOL,CW2H9XV4W0
MFULENI SECONDARY SCHOOL,JVLXY6OTVU
MFULENI TECHNICAL ACADEMY,U487MHX159
MIDDELDEURVLEI NGK PRIMÊRE SKOOL,WORI0LMSQA
MIDDELPOS PRIMARY SCHOOL,PQD2FF0Q95
MIDDELRIVIER PRIMÊRE SKOOL,OYHSAMAUE5
MIKRO LAERSKOOL,A73SWCJNNT
MILKWOOD PRIMARY SCHOOL,LEOE4YPDSQ
MILNERTON HIGH SCHOOL,H0O0A7X7T7
MILNERTON PRIMARY SCHOOL,P4IOT88R6F
MIMOSA PRIMARY SCHOOL,5SHFW1CHAI
MISPAH-SKOOL,I6HIDU8POI
MITCHELL HEIGHTS PRIMARY SCHOOL,YOLEL8ZSQL
MITCHELL'S PLAIN HIGH SCHOOL,KI8DYVQU3L
MITCHELL'S PLAIN PRIM,6DVEW2QV43
MITCHELL'S PLAIN SCHOOL OF SKILLS,QKBCRKNHGO
MKHANYISELI PRIMARY SCHOOL,1MHPK3Q49E
MODDERDAM SEKONDÊR,992SABEGW9
MOKONE PRIMARY SCHOOL,D2FMCXX64I
MOLENBEEK SKOOL,MIO42TT8S5
MOLENRIVIER PRIMÊRE SKOOL,W4542XXQS0
MONDALE HIGH SCHOOL,074UKKNZZZ
MONTAGU DRIVE PRIMARY SCHOOL,C8C9RUGMI8
MONTAGU HOËRSKOOL,DEA0CDW5C4
MONTAGU LAERSKOOL,55BKO8HCI4
MONTAGU'S GIFT PRIMARY SCHOOL,G9661OO6H1
MONTANA HOËRSKOOL,U7JRIISK0L
MONTANA PRIMARY SCHOOL,3M88PQ0MUQ
MONTE VISTA PRIMARY SCHOOL,IQ9IWGZQ8E
MONTEVIDEO PRIMARY SCHOOL,PN0SQ6AV23
MONTROUGE VGK PRIMÊRE SKOOL,ARV19HAOOK
MONUMENT PARK HOËRSKOOL,7ERRMEE22K
MOOI UITSIG PRIMÊRE SKOOL NO.2,1IQFQ3X1TF
MOOI-UITSIG PRIMÊRE SKOOL,5OR8PJTBAB
MOORREESBURG HOËRSKOOL,XDE30ODUJB
MORESTER SEK,JFYXQOU2JB
MORGENSON PRIMARY SCHOOL,KH14LXG41T
MORNING STAR NGK PRIMÊRE SKOOL,65Z2D47ZBI
MORRISDALE PRIMÊRE SKOOL,ZK831V49E4
MOSHESH PRIMARY SCHOOL,3GD40CIGGP
MOSSELBAAI EK PRIMÊRE SKOOL,4K81QJC88P
MOUNT PLEASANT PRIMÊRE SKOOL,ZFVAWFIJS2
MOUNT VIEW SECONDARY SCHOOL,USSWYHXOAN
MOUNTAIN ROAD PRIMARY SCHOOL,O9YLXEM0ZG
MSEKI PRIMARY SCHOOL,Y9NX66S36W
MUHAMMADEYAH MOS PRIMARY SCHOOL,6UKUFNF8QG
MUIZENBERG HIGH SCHOOL,FHY74P2FKP
MUIZENBERG JUNIOR SCHOOL,1JIGGQ5SJQ
MULLERSRUS PRIMÊRE SKOOL,ZFXYHMN889
MURRAY HIGH SCHOOL,DQG8B83ZUT
MURRAYSBURG HOËRSKOOL,KO58QZZHR5
MURRAYSBURG PRIMARY SCHOOL,D9QHNU6KEP
MVULA PRIMARY SCHOOL,BMYBXQY4MJ
MZAMOMHLE PRIMARY SCHOOL,8J45XBZTUA
MZAMOMTSHA PRIMARY SCHOOL,VUDFCIVB3Z
MZOXOLO PRIMARY SCHOOL,H5GPX46310
NAASTDRIFT PRIMÊRE SKOOL,IKOY5T5A45
NAL'IKAMVA PRIMARY SCHOOL,QO866K0QDC
NAL'UXULO PRIMARY SCHOOL,X5L8YTSN3G
NAPHAKADE PRIMARY SCHOOL,2RKLY73MIY
NDULI PRIMARY SCHOOL,TJOT1QRTV4
NEBO PRIMARY SCHOOL,R3FLI3HRVR
NED DOMAN HIGH SCHOOL,09CRQ0EPAK
NEDERBURG PRIMÊRE SKOOL,8M03DUG1O8
NERINA PRIMARY SCHOOL,SE51GNIJ7V
NEW DAWN PARK PRIMÊRE SKOOL,GR6EQRKT73
NEW EISLEBEN SECONDARY SCHOOL,KZ83R31INM
NEW HORIZON HIGH SCHOOL,CKILAI08ZA
NEW ORLEANS PRIMÊRE SKOOL,765P82K4ZO
NEW ORLEANS SEKONDÊR,6C3XFJ4Y99
NEW VREDENBURG HIGH SCHOOL,X9NYVMQCXX
NEWFIELDS PRIMARY SCHOOL,IR5VESZG38
NEWTON PRIMÊRE SKOOL,65K0ITBRJ4
NIEUWE DRIFT PRIMARY SCHOOL,B42BWYE2G0
NIEUWE MORGEN PRIMÊRE SKOOL,I9XU41DDFX
NIEUWOUDT PRIMÊRE SKOOL,P9SA9U8FPS
NIKO BRUMMER PRIMARY SCHOOL,8JJD6RXZ9K
NKAZIMLO PRIMARY SCHOOL,MMFBR2RN2R
NKQUBELA PRIMARY SCHOOL,4CY0EA6T32
NOBANTU PRIMARY SCHOOL,TI4652FTEU
NOLUNGILE PRIMARY SCHOOL,5YJL4E20NM
NOLUTHANDO SCHOOL FOR THE DEAF,LOPSC59MVX
NOMLINGANISELO PRIMARY SCHOOL,7WMTOV4YAI
NOMPUMELELO SKOOL,IFR3287A3U
NOMSA MAPONGWANA PRIMARY SCHOOL,1FURNAOO48
NOMZAMO HIGH SCHOOL,KT2RDNBFFN
NOMZAMO PRIMARY SCHOOL,0ZT0APZV5B
NONDZAME PRIMARY SCHOOL (S.A.),RALSA9B0JL
NOOITGEDACHT PRIMARY SCHOOL,J458WZERTV
NOORD-EIND PRIMÊRE SKOOL,J569BB9HWU
NOORDER-PAARL SEKONDÊR,A4VPMK17AL
NOORDHOEK NGK PRIMÊRE SKOOL,0TC1NUAN7A
NOORDHOEK PRIMÊRE SKOOL,253AQ9Z9OH
NORMA ROAD PRIMARY SCHOOL,995BXJGX8J
NORMAN HENSHILWOOD HIGH SCHOOL,VSQF8KYHZX
NORTHPINE PRIMARY SCHOOL,QT8YUS305O
NORTHPINE TECHNICAL HIGH SCHOOL,8WJGSKZT2Z
NORTHRIDGE NGK PRIMÊRE SKOOL,MSXC33TDKC
NORTHWAY PRIMÊRE SKOOL,1TZMUN0GI8
NORTHWOOD PRIMARY SCHOOL,MIXSV4LYX7
NORWOOD SENTRAAL PRIMARY SCHOOL,YDFUV2QRQQ
NOWERS HIGH SCHOOL ACADEMY,XO63R7FSKF
NOXOLO XAUKA PRIMARY SCHOOL,WXLW09SJ9H
NTWASAHLOBO PRIMARY SCHOOL,RYB4CV05BJ
NUHOOP NGK PRIMÊRE SKOOL,8BNLEFRZ5M
NUWE HOOP-SENTRUM,11LF60T07Z
NUWEFONTEIN PRIMÊRE SKOOL,1SFGD50P2W
NUWERUS HOËRSKOOL,I0Q4B6TSXD
NUYSTASIE NGK PRIMÊRE SKOOL,YXJJNQXPCS
NYAMEKO PRIM,RE7EQP2DGF
O.J. ERASMUS NGK PRIMÊRE SKOOL,YK7JUUAVR9
OAKDALE LANDBOUSKOOL,W0R2SE4TQK
OAKHURST GIRLS' PRIMARY SCHOOL,NCDJRVEAXP
OAKLANDS SEKONDÊR,3ZUF53JEVY
OASIS SPECIAL SCHOOL,6RX80DUOVK
OBSERVATORY JUNIOR,ZCQMW2GEPJ
OCEAN VIEW SECONDARY SCHOOL,7SPDH2F4NM
OCEAN VIEW SKOOL,SJ7FVWDQLM
OKER PRIMÊRE SKOOL,EKVHN5A1ZM
OKKIE SMUTS PRIMARY SCHOOL,YTAFSVO8RO
OKLAHOMASTRAAT PRIMÊRE SKOOL,IBRMYXK9SC
OLIFANTSVALLEI PRIMÊRE SKOOL,TN1I4UTLQM
OLYMPIA SKOOL,HLK58T8K4F
ORANJEKLOOF MOR PRIMARY SCHOOL,J0ZKECS3BF
ORCHARD PRIMÊRE SKOOL,QXEHCMQXIS
ORLEANSVALE PRIMÊRE SKOOL,C5B888TF07
OSCAR MPETHA HIGH SCHOOL,H8F5J8GPI0
OTTERY ROAD (METH) PRIMARY SCHOOL,QMSWRLVD52
OUDE MOLEN HTS.,SSUAZR9ELU
OUDTSHOORN HOËRSKOOL,G5LI1WTM4D
OUDTSHOORN SCHOOL OF SKILLS,41T7A3NTYH
OUPLAAS EK PRIMÊRE SKOOL,O0K9KFBKE4
OUTENIQUA HOËRSKOOL,72GN360ZBP
OUTENIQUA PRIMARY SCHOOL,PQH97EFIZ9
OVAL NORTH SECONDARY SCHOOL,X63VV8TL36
OVERBERG HIGH SCHOOL,NK5X2G5X6J
OVERBERG LAERSKOOL,88MDNAUSGH
OVERHEX NGK PRIMÊRE SKOOL,8JLPGZFTB8
P.C. PETERSEN PRIMÊRE SKOOL,ONHJLRENLF
P.J. BADENHORST PRIMÊRE SKOOL,5QTBEH11OO
P.J.B. CONA PRIMARY SCHOOL,7WP3T0ACKK
P.W. DE BRUIN PRIMÊRE SKOOL,2KY3CKKGRH
PAARDEKLOOF NGK PRIMÊRE SKOOL,2MXUQ78V5Y
PAARDEKOP NGK PRIMÊRE SKOOL,RVZUDVHPX8
PAARL BOYS' PRIMARY SCHOOL,8NA0PE99AI
PAARL GIRLS HOËRSKOOL,STRG39Q8HZ
PAARL VAARDIGHEIDSKOOL,CHKQCHVCPG
PAARL-SKOOL VIR NEURAAL GESTREMDE KINDE,5WAOSV0GT0
PAARLZICHT PRIMÊRE SKOOL,RPAPZMU5Q6
PACALTSDORP PRIMÊRE SKOOL,P91NJDJ1KG
PACALTSDORP SEKONDÊR,4A1P5IFDVA
PALM PARK PRIMARY SCHOOL,9SUMXZGPOW
PANORAMA LAERSKOOL,URSSZ5X7Y6
PANORAMA PRIMÊRE SKOOL (RIVERSDAL),6AQH3EKEWV
PANORAMA PRIMÊRE SKOOL (VREDENBURG),FN3D7OCIEM
PARAGON SCHOOL OF EXCELLENCE,0AZF91WBUO
PARAMOUNT HIGH SCHOOL,YOEINFPSPE
PAREL VALLEI HOËRSKOOL,SC0VKMSCKB
PARK LAERSKOOL MOSSELBAAI,427JF933BQ
PARKDENE PRIMARY SCHOOL (KRAAIFONTEIN),H9P2WFDYKF
PARKDENE PRIMÊRE SKOOL (GEORGE),H1T0MYS6GK
PARKDENE SEKONDÊR,G7XMWTVFFX
PARKFIELDS PRIMARY SCHOOL,QTTQPUJ17S
PARKHURST PRIMARY SCHOOL,RP77GFTPSD
PARKVALE PRIMÊRE SKOOL,SJOI0NCWLK
PARKVIEW PRIMÊRE SKOOL,VYXPCO0VSJ
PARKWOOD PRIMARY SCHOOL,UBQA98KOHF
PARLIAMENT STREET PRIMARY SCHOOL,Z8EJS7VQA5
PAROW HOËRSKOOL,XKW0KK37AQ
PAROW INKLUSIEWE SKOOL,KWGITI9DJT
PAROW VALLEY PRIMARY SCHOOL,9PWY5AH1QB
PAROW-NOORD PRIMARY SCHOOL,ZMVPCB1W12
PAROW-OOS LAERSKOOL,JU2VL8MAEF
PAROW-WES PRIMARY SCHOOL,HLVE3KWAA7
PAUL GREYLING PRIMÊRE SKOOL,HL9M6SJXM9
PAUL ROOS GIMNASIUM,LQM912WR79
PAULUS JOUBERT PRIMÊRE SKOOL,ZLWIZ09P9M
PAULUS JOUBERT SEKONDÊR,94MI8CFN99
PAUW GEDENK PRIMARY SCHOOL,T8F0L97DKC
PEAK VIEW SEKONDÊR,VWAN9X37ST
PELICAN PARK HIGH SCHOOL,XTACJ8XSK5
PELICAN PARK PRIMARY,81YHJVIR5O
PELLA MOR PRIMÊRE SKOOL,DGU9KC7KQK
PERCY MDALA HIGH SCHOOL,EJX5914RA0
PERIVALE PRIMARY SCHOOL,KVU7ZCI9I6
PERSERVERANCE PRIMARY SCHOOL,ZPRSNRI2RA
PERSEVERANCE JUNIOR HIGH SCHOOL,4SZ971QCJO
PERSEVERANCE SEK,IIENUIOD7I
PETRA GEDENK PRIMÊRE SKOOL,ZLU9BW66NP
PETUNIA PRIMARY SCHOOL,T2PSZ3RPP9
PHAKAMA SECONDARY SCHOOL,8FDY5ZQWYA
PHAKAMISANI PRIMARY SCHOOL,ES5Z7KGXN1
PHANDULWAZI HIGH SCHOOL,ARZ48FMYHB
PHILADELPHIA PRIMARY SCHOOL,SMAJ43NS0J
PHILLIPI SECONDARY SCHOOL,G90UQVNXAH
PHOENIX SEKONDÊR,25MULIZ6QY
PIET HUGO GEDENK NGK PRIMÊRE SKOOL,PZIHWAI1YH
PIETER LANGEVELDT PRIMÊRE SKOOL,WRH5A146SP
PIETERSFONTEIN NGK PRIMÊRE SKOOL,TZVGX9ZQ8B
PIKETBERG HOËRSKOOL,M0WCYK7OTI
PINEDENE PRIMARY SCHOOL,G76JYCCLH5
PINEHURST PRIMARY SCHOOL,JEC6QZ7UYR
PINELANDS HIGH SCHOOL,Z29RD7G0CA
PINELANDS NORTH PRIMARY SCHOOL,LS2DGXXN62
PINEVIEW PRIMÊRE SKOOL,EWK46ROE19
PIONIER-SKOOL,ODXATNKMWI
PLANTATION PRIMARY SCHOOL,RYAHJDF53E
PLETTENBERG BAY PRIMARY SCHOOL,F5IVY9GFKB
PLETTENBERGBAAI SEKONDÊR,O9MDQ64DDV
PLUMSTEAD HIGH SCHOOL,UMN39PCRNF
PLUMSTEAD PREPARATORY,PXYNLO9AG6
PNIEL PRIMÊRE SKOOL,KA9CWKIFUD
PORTAVUE PRIMARY SCHOOL,S6C4VTZNIA
PORTERVILLE HOËRSKOOL,EKMA8RU9L3
PORTERVILLE PRIMÊRE SKOOL,WN4RGQPLHE
PORTIA PRIMARY SCHOOL,JXU8J0YTO6
PORTLAND PRIMARY SCHOOL,UMRCQ38IC4
PORTLAND SECONDARY SCHOOL,98M04IBG66
POSITIVE BEHAVIOUR INTERVENTION AND RESOURCE CENTR,1Q24M8ZCCX
PRESIDENT HOËRSKOOL,VRD17KGSHM
PRESTWICH STREET PRIMARY SCHOOL,WWCOLV22CS
PRIMROSE PARK PRIMARY SCHOOL,ENY8E9S3TQ
PRINCE GEORGE PRIMARY SCHOOL,1MLT3DZZPX
PRINCETON HIGH SCHOOL,AEVDQP0JYO
PRINS ALBERT PRIMÊRE SKOOL,QSOKRTFH5U
PROSPECT NGK PRIMÊRE SKOOL,FO8XFVVHCR
PROTEA HEIGHTS ACADEMY,Z3G4PC91PI
PROTEA HOËRSKOOL,X92C3SQR7P
PROTEA PARK PRIMÊRE SKOOL,JFBILG5KNJ
PROTEA PRIMARY SCHOOL (BONTEHEUWEL),C0OKWC81AC
PROTEA PRIMÊRE SKOOL,T7KR076PJF
PROTEM NGK PRIMÊRE SKOOL,DQZL3AAYGD
PROTEUS SEKONDÊR,XZKOPMWVHR
PUNT HOËRSKOOL,CQSZ4SJG4K
QHAYIYA SECONDARY SCHOOL,SZVL22W9RN
QUEENS PARK HIGH SCHOOL,WVFFKNC19O
R.R. FRANKS PRIMÊRE SKOOL,RM4TG99B53
RABIE PRIMÊRE SKOOL,VEACT6L417
RAHMANIYEH PRIMARY SCHOOL,BD5820VZEK
RAINBOW PRIMARY SCHOOL,Z2UPMUG8VS
RAITHBY PRIMÊRE SKOOL,GYSVUOR5G7
RANGE PRIMARY SCHOOL,NCDJJT3T3Q
RANGE SEKONDÊR,H20BIBQ1YE
RAVENSMEAD SEKONDÊR,4H1WBIAS02
RAWSONVILLE PRIMÊRE SKOOL,SYZDLIS5PQ
RED CROSS CHILDREN'S HOSPITAL,BKOJ9DDOUC
RED RIVER PRIMARY SCHOOL,KMZ1I457OZ
REDLANDS PRIMÊRE SKOOL,GRCAMPJ8Y7
REGINA COELI RC PRIMARY SCHOOL,JHU0DNZVPL
RESTVALE MET PRIMÊRE SKOOL,X9GERATUEW
REYGERSDAL PRIMÊRE SKOOL,S7DZ414ZC3
RHEENENDAL PRIMÊRE SKOOL,SORTYQCCCC
RHENISH GIRLS' HIGH SCHOOL,XRL2RDYBW9
RHENISH PRIMARY,3OQ4R78IVY
RHODES HIGH SCHOOL,W44V73765R
RIDGEVIEW PRIMARY SCHOOL,7RZWQ7FXES
RIDGEVILLE PRIMARY SCHOOL,EK4S5WKU5I
RIEBEECK VALLEY SPECIAL SCHOOL,4F16MGVYQE
RIEBEECK-KASTEEL LAERSKOOL,RH3D4E2ZUC
RIEBEECK-WES PRIMÊRE SKOOL,NGRH2C9WKM
RIEBEECKSTRAAT PRIMARY SCHOOL,ZHCM5PWSKK
RIETENBOSCH PRIMÊRE SKOOL,Y4BWQHY89C
RIETFONTEIN NGK PRIMÊRE SKOOL (WORC),9YN3ORLTHP
RIETPOORT RK PRIMÊRE SKOOL,7535XNWJM8
RIETVLEI NR 1 EK PRIMÊRE SKOOL (MONTAGU),WLG6CWDYOW
RIETVLEI NR 2 NGK PRIMÊRE SKOOL,Z94NFHI708
RIO GRANDE PRIMARY SCHOOL,0JSU4ZSBC2
RIVERGATE PRIMARY SCHOOL,32GZ5Z1VPL
RIVERLANDS PRIMÊRE SKOOL,LWKXONGP6S
RIVERTON PRIMÊRE SKOOL,Y8XMX1ZBP6
RIVERVIEW PRIMÊRE SKOOL,7JY6AJMJWP
RIVIERSONDEREND HOËRSKOOL,XWU8KJYCVT
RIVIERSONDEREND PRIMÊRE SKOOL,80GLE87FDH
ROBERTSON HOËRSKOOL,JREP7EK3XE
ROBERTSON LAERSKOOL,ME11J6R5XT
ROBERTSON VOORBEREIDINGSKOOL,3K7I7Z3H6K
ROBINHILL SPECIAL SCHOOL,ABT9TOHWJO
ROBINVALE HIGH SCHOOL,D23NDAUJDX
ROCKLANDS PRIMARY SCHOOL,Y1SG635Y1V
ROCKLANDS SECONDARY SCHOOL,HWZVL3E1HW
RODEWAL UCC PRIMÊRE SKOOL,R2NLVRH8MT
RONDEBOSCH BOYS' HIGH SCHOOL,LFFSW6IQ60
RONDEBOSCH BOYS' PREPARATORY,GL9R5BL4G9
RONDEBOSCH EAST PRIMARY SCHOOL,SNIKCHRW3U
RONDEHEUWEL PRIMÊRE SKOOL,5X8DMJ3122
RONWE PRIMÊRE SKOOL,6C4KYV56GV
ROODEWAL PRIMÊRE SKOOL,47QJK0INKG
ROODEZANDT SEKONDÊR,I76WOF0TBW
ROOIBERG SSKV PRIMÊRE SKOOL,GZD9SD2UUT
ROOIHEUWEL VGK PRIMÊRE SKOOL,E272VLZ3MW
ROOIRIVIER VGK PRIMÊRE SKOOL,DQ3Y426KKL
ROSEBANK JUNIOR,P3MJRFUJK6
ROSEMOOR PRIMÊRE SKOOL,D31FAJ95HT
ROSENDAAL HIGH SCHOOL NO.2,PGRW5PKC79
ROSENDAAL SEKONDÊR,H0QYM4YXI3
ROSENDAL LAERSKOOL,3BADENW0AR
ROSEWOOD PRIMARY SCHOOL,T9OWH3XV5U
ROSMEAD CENTRAL PRIMARY SCHOOL,AB1FJ5SS6Q
ROUXVILLE PRIMARY SCHOOL,SGU2ZPHT6E
RUIGTEVLEI PRIMÊRE SKOOL,PJIO639ZZK
RUITERBOS LAERSKOOL,FMVNUPHO10
RUSTENBURG GIRLS' HIGH SCHOOL,LJ6FD8AAJT
RUSTENBURG GIRLS' JUNIOR SCHOOL,ISVDON7R0A
RUSTHOF PRIMÊRE SKOOL,NX8YNL8K7V
RUSTHOF SEKONDÊR,CGQM9FREF5
RUSTHOF SKOOL,85SR5SFRLU
RUSTSTASIE PRIMÊRE SKOOL,2TZL7FW4VE
RUYTERWACHT VOORBEREIDINGSKOOL,KNQ8D6T687
RYLANDS HIGH SCHOOL,27F0IKQU56
RYLANDS PRIMARY SCHOOL,2KUMOIEQAO
S.A. COLLEGE HIGH SCHOOL,R95976KOVE
S.A. COLLEGE JUNIOR SCHOOL,LMQATKGUQC
SAAMBOU PRIMÊRE SKOOL,BV7EOEHWIB
SACRED HEART RK PRIMÊRE SKOOL,R1E5RV4LSO
SAFFIER PRIMARY SCHOOL,DXEOJS9GEI
SAKUMLANDELA PRIMARY SCHOOL,65CR5F06OG
SALDANHA LAERSKOOL,ZMXF2EFTS6
SALT RIVER SECONDARY SCHOOL,MPSYW7W9TL
SAMORA MACHEL PRIMARY SCHOOL,6ST4U8UZL7
SANDAALHOUT PRIMARY SCHOOL,ZZJBAXQGFU
SANDBERG NGK PRIMÊRE SKOOL,9ZGM4NQ2VE
SANDHILLS NGK PRIMÊRE SKOOL,O80NJR5YDI
SANDVELD LS,99J12Y38SW
SANS SOUCI GIRLS' HIGH SCHOOL,NOG0KX6WDI
SAO BRAS SEKONDÊR,C9P6YCPQTW
SAREPTA PRIMARY SCHOOL,PKNV7YHPCH
SAREPTA SEKONDÊR,8QCTGS9N0F
SARON PRIMÊRE SKOOL,9UTQSEWC5Y
SATURNUS PRIMÊRE SKOOL,SLHBE7661J
SAXONSEA NO.2 HIGH SCHOOL,WF5NVO18M6
SAXONSEA PRIMÊRE SKOOL,NZT787USBG
SAXONSEA SEKONDÊR,RMGNAZGUSM
SCHEEPERSKRAAL SSKV PRIMÊRE SKOOL,VI0UF2TVKS
SCHERPENHEUWEL PRIMÊRE SKOOL,2J400S3HV7
SCHOONSPRUIT SEKONDÊR,U37V4H0SP1
SCHOTSCHEKLOOF MOS PRIMARY SCHOOL,KKRCZ7HXGQ
SCOTTSDENE HIGH SCHOOL,1XKYNFY6X7
SCOTTSVILLE PRIMARY SCHOOL,BRN007TGF1
SCOTTSVILLE SEKONDÊR,T2HM3A7MNX
SEA POINT HIGH SCHOOL,C6EORF3MW2
SEA POINT PRIMARY SCHOOL,UZJA82PQ30
SEAMOUNT PRIMARY,7HC0KX66CY
SEARIDGE PARK PRIMARY SCHOOL,G45S5KKRTT
SEAVIEW PRIMARY SCHOOL,FXFFV9LEC1
SEDERBERG PRIMÊRE SKOOL,CA0U3LQPPQ
SEDGEFIELD LAERSKOOL,T7DMR14Q0T
SEDGEFIELD PRIMÊRE SKOOL,HIREYVGPDS
SENTINEL PRIMARY SCHOOL,B04UXPRFT0
SENTRAAL HOËRSKOOL,L9GANIR0NF
SEVEN STEPS ACADEMY FOR THE DEAF,41HGMIPOSK
SIBABALWE PRIMARY SCHOOL,I8901O1OOB
SIBELIUS HOËRSKOOL,VRWCHSL6X2
SID G. RULE PRIMARY SCHOOL,SHCZ7L2BMQ
SIGCAWU PUBLIC PRIMARY SCHOOL,86ZVDHIKGO
SIKELELA IMIZAMO PRIMARY SCHOOL,33PW5ZVAUR
SILIKAMVA HIGH SCHOOL,71VFYHYBNU
SILUKHANYO PRIMARY SCHOOL,61U5V1TF3F
SILVERLEA PRIMARY SCHOOL,DHCHS2U0KM
SILVERLEAF PRIMARY SCHOOL,8USFIEXUV4
SILVERSANDS PRIMARY SCHOOL,Z5JSIAMMMI
SILVERSANDS SECONDARY SCHOOL,UBJOL7837J
SILVERSTREAM PRIMARY SCHOOL,EMILF3GQX6
SILVERSTREAM SCHOOL OF SKILLS,3F8S1I7WMR
SIMANYENE SECONDARY SCHOOL,J657UPNI2C
SIMON VAN DER STEL PRIMÊRE SKOOL,6VZ2MU6X3G
SIMON'S TOWN SCHOOL,JBBH8CKJOH
SIMONDIUM PRIMÊRE SKOOL,0NB5GH981S
SIMONSBERG PRIMARY SCHOOL,WNPIVQ5L71
SIMUNYE SEKONDÊR,WDXOIRJCQQ
SINAKO HIGH SCHOOL,98MLAZQAZQ
SINENJONGO HIGH SCHOOL,DKO1BN6VUX
SINETHEMBA SECONDARY SCHOOL,V3BYFHWKZG
SIPHAMANDLA SECONDARY SCHOOL,VFWDHKZ8QD
SIR LOWRY'S PASS PRIMÊRE SKOOL,UA1JPDPL3V
SITHEMBELE MATISO SECONDARY SCHOOL,PP5QUYS85R
SIVILE PRIMARY SCHOOL,7REMM72K8F
SIVIWE SCHOOL OF SKILLS,Q30SW60EYN
SIVUYISENI PUBLIC PRIMARY SCHOOL,Z7249JCZ8J
SIYABULELA PRIMARY SCHOOL,XRRHIGZUEO
SIYAFUNEKA PRIMARY SCHOOL,DOKRQ8LBVZ
SIYAZAKHA PRIMARY SCHOOL,M8NH1YJZMB
SIYAZINGISA PRIMARY SCHOOL,7XLZ5R3XZT
SIZIMISELE SECONDARY SCHOOL,V4P8Q0QAO1
SKURWEBERG SEKONDÊRE SKOOL,PLE6MY4FIV
SLANGHOEK NGK PRIMÊRE SKOOL,76Y74ACWRU
SLANGRIVIER PRIMÊRE SKOOL,78LLCIUOC8
SLOT VAN DIE PAARL PRIMÊRE SKOOL,EX06RB0483
SOBAMBISANA PRIMARY SCHOOL,AUI2OTHUIM
SOETENDAL NGK PRIMÊRE SKOOL,E12Z0X49EU
SOKHANYO PRIMARY SCHOOL,FYIHP01AGQ
SOLOMON MAHLANGU PRIMARY SCHOOL,S9934EQOZ4
SOLOMON QATYANA PRIMARY SCHOOL,RULSEDMWV2
SOMERSET HIGH SCHOOL,O02BBQRZNP
SOMERSET-WES LAERSKOOL,9S4AUOAG93
SOMERSET-WES MET PRIMARY SCHOOL,18KDRKEU2E
SONDEREND PRIMARY SCHOOL,WWYPSU49Y7
SONEIKE HIGH SCHOOL,OE048DOKYD
SONOP PRIMÊRE SKOOL,VY5G090YNY
SONWABO PRIMARY SCHOOL,DRS6Z52GP9
SOPHAKAMA PRIMARY SCHOOL,WOI23XKO0D
SOPHUMELELA SECONDARY SCHOOL,JTPA83MYTY
SOSEBENZA PRIMARY SCHOOL,GTJFCXLFSN
SOUTH PENINSULA HIGH SCHOOL,D4GAZ1UTDB
SOUTHFIELD PRIMARY SCHOOL,97KAPVXH64
SOYISILE PRIMARY SCHOOL,FBFHCPU9SN
SPES BONA HIGH SCHOOL,CUWY54KFNR
SPINE ROAD HIGH SCHOOL,Y5YJ1C6BF8
SPINE VIEW PRIMARY SCHOOL,ZDXABTA0KY
SPRINGDALE PRIMARY SCHOOL,SGLVWL3XXE
SPRUITDRIFT PRIMÊRE SKOOL,HRF7TQCHH9
SPURWING PRIMARY SCHOOL,JY6I7M8I25
SQUARE HILL PRIMARY SCHOOL,IJNVIYJR2U
ST. AGNES'S PRIMARY SCHOOL,LSJBKY4I9Q
ST. ALBANS PRIMÊRE SKOOL,6SOVOUHRRD
ST. ANDREW'S PRIMÊRE SKOOL,XYEES9JS9H
ST. ANDREW'S SEKONDÊR,NH309D3BCR
ST. ANNE'S PRIMARY SCHOOL,F698NYRSW7
ST. ANTHONY'S RC PRIMARY SCHOOL,QUK4X73ORS
ST. AUGUSTINE'S PRIMÊRE SKOOL,1R055YLLZC
ST. AUGUSTINE'S RC PRIMARY SCHOOL,1NQUL14AKW
ST. AUGUSTINE'S RC PRIMARY SCHOOL PAROW,EE1U5F9O08
ST. BLAIZE RK PRIMÊRE SKOOL,VTLLJC7GBL
ST. BONIFACE (RK) PRIMÊRE SKOOL,6SXWAZV4QG
ST. CLEMENTS RC PRIMARY SCHOOL,DTUJLNOWSH
ST. HELENABAAI INTERMEDIATE SCHOOL,02QX0Y1F5X
ST. IDAS RK PRIMÊRE SKOOL,WRI7AFEAHA
ST. JAMES RC PRIMARY SCHOOL,DI7PGUUGCO
ST. JOHN'S EK PRIMÊRE SKOOL,4ED7VKSGWU
ST. JOHN'S RC PRIMARY SCHOOL,F0E3U7M2ZP
ST. JOSEPH'S SCHOOL,TWIY1ZDZAM
ST. KONRAD RK PRIMÊRE SKOOL,JOBV1VHSMS
ST. LUKE'S (EC) SCHOOL,R46UNCJTFN
ST. MARK'S PRIMÊRE SKOOL (WORC),36XX21N1NT
ST. MARY'S (RC) PRIMARY (NYANGA),9MSREJU2L0
ST. MARY'S PRIMARY SCHOOL (GARDENS),2VCLU8TG3C
ST. MARY'S RC PRIMARY SCHOOL(RETREAT),FGPW54AACH
ST. MARY'S RK PRIMÊRE SKOOL (GEORGE),CB41Z62AYA
ST. MATTHEWS PRIMÊRE SKOOL,CQZUC1VE29
ST. MICHAEL'S EK PRIMÊRE SKOOL,1CUJWP5I2D
ST. MICHAEL'S PRIMÊRE SKOOL,GITVKX42SG
ST. PAUL'S EK PRIMÊRE SKOOL (GEORGE),NJTODMYNSO
ST. PAUL'S LAERSKOOL,GA5T4T3MB4
ST. PAUL'S PRIMARY SCHOOL (BO-KAAP),E3BGIK45VE
ST. PAUL'S PRIMÊRE SKOOL,W76OS6LIAE
ST. RAPHAEL'S RC PRIMARY SCHOOL,FO93VOPWMU
ST. THERESA R.C. PRIMARY SCHOOL,6Z2QIRR26F
ST. THOMAS PRIMÊRE SKOOL,T198XTZQM5
ST. VINCENT RC PRIMARY SCHOOL,8HDJFGXM8L
STAR OF THE SEA CONVENT PRIMARY SCHOOL,MW8AML92YG
STARLING PRIMARY SCHOOL,X4L6VS16FU
STAWELKLIP MOR PRIMÊRE SKOOL,ROG2WN879Y
STEENBERG PRIMARY,UB30WWRQ2K
STEENBERG SECONDARY SCHOOL,VJOQIVYQW3
STEENBERG'S COVE PRIMÊRE SKOOL,36C5TBSCA2
STEENVLIET PRIMÊRE SKOOL,AXW15OZ3M6
STEILHOOGTE NGK PRIMÊRE SKOOL,RQE9M9DX54
STEINTHAL SEKONDÊR,AAUVZAVNP0
STELLENBERG HOËRSKOOL,PV68PAOOZG
STELLENBOSCH HOËRSKOOL,K1J1EBH5G1
STELLENBOSCH LAERSKOOL,0SFCK2UAM7
STELLENZICHT SEKONDÊR,OJNUMORF57
STEPHENWEG PRIMARY SCHOOL,Y975I8SBR7
STETTYN PRIMÊRE SKOOL,T6UBHMKXC4
STEYNVILLE PRIMÊRE SKOOL,PPWOZHP85D
STEYNVILLE SEKONDÊR,M4LROXEOZS
STOCKWELL NGK PRIMÊRE SKOOL,ZXW4L9C08K
STRAND HOËRSKOOL,UTL9P5A648
STRAND MOS PRIMARY SCHOOL,Z67SI1YABY
STRAND SEKONDÊR,IR917E3MDI
STRANDFONTEIN PRIMARY SCHOOL,XHYB6USI1N
STRANDFONTEIN SEKONDER,JWHCGWMWR3
STRATFORD PRIMARY SCHOOL,5QXG9AGCOE
STRUISBAAI PRIMÊRE SKOOL,VI54P9MOSJ
SULLIVAN PRIMARY SCHOOL,0891ZZEJ26
SUMMERDALE HIGH SCHOOL,FKUXX67GVI
SUMMIT PRIMARY SCHOOL,ROAOYSA6EZ
SUN VALLEY PRIMARY SCHOOL,2Y6G93AEFP
SUNDERLAND PRIMARY SCHOOL,857673PL6N
SUNLANDS PRIMARY SCHOOL,M80R30KOWZ
SUNNINGDALE PRIMARY SCHOOL,K0MZI57BF0
SUNNYSIDE PRIMARY SCHOOL,RVX9PQP0O6
SUNRAY PRIMARY SCHOOL,TXRJHLLXB9
SUNRIDGE CIRCLE HIGH SCHOOL,QNDBHP7GWB
SUNRIDGE CIRCLE PRIMARY SCHOOL,D9WX14LJSN
SUNRIDGE PRIMÊRE SKOOL,BW3U3B3J91
SURREY PRIMARY SCHOOL,STG1091989
SUURBRAAK PRIMÊRE SKOOL,4O82LA7PO3
SWARTBERG PRIMÊRE SKOOL,8586ETNGH6
SWARTBERG SEKONDÊR,2O8ES6RP2F
SWARTLAND HOËRSKOOL,2Y96MBSCWV
SWARTLAND LAERSKOOL,1TVEO4X55R
SWEET VALLEY PRIMARY SCHOOL,XO955TBN93
SWELLENDAM HOËRSKOOL,FHG6PR9PZZ
SWELLENDAM LAERSKOOL,P1K2HF4Y7O
SWELLENDAM SEKONDÊR,RLK0BSA4N7
SYMPHONY PRIMARY SCHOOL,ZNLAY589XT
SYMPHONY SEKONDÊR,UNU6OJ1J4R
T.M. NDANDA PRIMARY SCHOOL,ZJ530X1MTZ
TABATHA PRIMARY SCHOOL,RV7X2L1YLY
TABLE VIEW HOËRSKOOL,FF1FW1AT18
TABLE VIEW PRIMARY SCHOOL,IDA6WHZO53
TAFELBERGSKOOL,JTKWYJ2N59
TAFELSIG NO.2 HIGH SCHOOL,FO429CXK10
TAFELSIG PRIMARY SCHOOL,CPPNVQWPC7
TAFELSIG SEKONDÊR,X1SNTDA5N3
TALANA NGK PRIMÊRE SKOOL,D8KZHTJ6PR
TALFALAH PRIMARY SCHOOL,T00GFYKG6D
TAMBOERSKLOOF PRIMARY SCHOOL,BT226M7R1R
TANDFONTEIN NGK PRIMÊRE SKOOL,YUVNCPWGV6
TEMBALETU,8HFOF3MREJ
TEMPERANCE TOWN PRIMÊRE SKOOL,ZO3K3ZTFNY
TESKE GEDENK PRIMÊRE SKOOL,D7NO9F8MYO
TESLAARSDAL PRIMÊRE SKOOL,3EKVMFVLEO
THANDOKHULU SECONDARY SCHOOL,J64ZEFKKMD
THE CRAGS PRIMÊRE SKOOL,1D0WRNB4XI
THE GLEBE PRIMÊRE SKOOL,MQRYQLC04K
THE HAGUE PRIMARY SCHOOL,OOLTCAPD0O
THE PINELANDS PRIMARY SCHOOL,5AYCJUNYYX
THE SETTLERS HIGH SCHOOL,9C28PN6P4L
THE VALLEY PRIMÊRE SKOOL,EYLGAPB59W
THEMBALETHU SECONDARY SCHOOL,MEBYVXWVC1
THEMBALETU PRIMARY SCHOOL,FUXRC5G04O
THEMBANI PRIMARY SCHOOL,W0LWMBCQHS
THEMBELIHLE HIGH SCHOOL,QMQPNRFP96
THEMBELITSHA PRIMARY SCHOOL,WZU3UXN94C
THOMAS WILDSCHUTT JUNIOR PRIMARY SCHOOL,IHZFMUGXFB
THOMAS WILDSCHUTT PRIMARY SCHOOL,MFX911PF41
THORNTON PRIMARY SCHOOL,Y2CWTQABMK
THORNTONWEG PRIMARY SCHOOL,I4V3806WMO
TIMOUR HALL PRIMARY SCHOOL,MV1ZRVGJL6
TOTIUS PRIMÊRE SKOOL,4EZWK0JM05
TOUWSRANTEN VGK PRIMÊRE SKOOL,08AMQCM0NK
TOUWSRIVIER LAERSKOOL,Z2X9PUI8X6
TOWERKOP PRIMÊRE SKOOL,12B7GILJTI
TRAFALGAR SECONDARY SCHOOL,MRILTX0PW5
TRAWAL PRIMÊRE SKOOL,9JMF6I2YBK
TREVOR MANUEL PRIMARY SCHOOL,RCILTLCG75
TULBAGH HOËRSKOOL,QJ9GWIOWZN
TURFHALL PRIMARY SCHOOL,M2KT4U2YGD
TUSCANY GLEN PRIMARY SCHOOL,XGZJHLFOP2
TUSCANY GLEN SECONDARY SCHOOL,IH6UIAEV1P
TWEE JONGE GEZELLEN VGK PRIMÊRE SKOOL,32A754RGIJ
TYGERBERG HOËRSKOOL,JNP44I88JX
TYGERBERG HOSPITAALSKOOL,U57Z1GOKBH
TYGERBERG STEM ACADEMY,QGF1ZRGKAT
TYGERHOF PRIMARY SCHOOL,988UVP2FRE
TYGERSIG PRIMÊRE SKOOL,AXXIJ16H05
TYHOLORA PRIMARY SCHOOL,X2012P043G
UITKYK LAERSKOOL,RPRWOK03CE
UITKYK PRIMÊRE SKOOL,RDU7UA470L
UITNOOD NGK PRIMÊRE SKOOL,K8JOAA2NSA
UITSIG PRIMÊRE SKOOL,7HOZ5BHDSU
UITVLUG VGK PRIMÊRE SKOOL,HD8K2G5SHY
UKHANYO PRIMARY SCHOOL,AJZEX56D86
UMMANGALISO PRIMARY SCHOOL,AR51DSOHFE
UMNQOPHISO PRIMARY SCHOOL,ZCUZ2QBYGF
UMTHAWELANGA PRIMARY SCHOOL,6CY5QRX0YJ
UMYEZO WAMA APILE HIGH SCHOOL,O8CJFWO5A4
UMYEZO WAMA APILE PRIMARY SCHOOL,05P9FWT5MA
UNIONDALE HOËRSKOOL,1106EIJKBH
USASAZO SECONDARY SCHOOL,YT48FGY3RI
UXOLO HIGH SCHOOL,FISQW75E3G
VAATJIE MOR PRIMÊRE SKOOL,X7JEKCVAZR
VALHALLA PRIMARY SCHOOL,WUKBRCQQD1
VALHALLA SEKONDÊRE SKOOL,AT6EF24QC1
VALPARK PRIMÊRE SKOOL,R9UU0XYDDH
VAN DER HOVEN LAERSKOOL,G8YZ5MCZ7S
VAN KERVEL SPESIALE SKOOL,UWWOKHBMIJ
VAN REEDE LAERSKOOL,CQPDF3ENWA
VAN RIEBEECKSTRAND LAERSKOOL,DAERS7IBCG
VAN WYKSDORP PRIMÊRE SKOOL,87V8MS5SHA
VAN WYKSVLEI PRIMARY SCHOOL,0TG2O68CWK
VANGUARD PRIMARY SCHOOL,TO8AKSNBC0
VANRHYNSDORP HOËRSKOOL,L176MTZPXI
VELDDRIF HOËRSKOOL,GCX1AOH4RF
VERA-SCHOOL,X5M1KUVWTX
VERGENOEG RK PRIMÊRE SKOOL,7EZ4MV7V2R
VERGENOEGD PRIMARY SCHOOL,A3N1LV26DO
VERGESIG PRIMÊRE SKOOL,3P1Y5BYP61
VICTORIAPARK PRIMARY SCHOOL,Z1EPIPAGHF
VILLIERSDORP SEKONDÊR,V9JEX0ICA3
VINKRIVIER PRIMÊRE SKOOL,OALJDSFTY2
VISSERSHOK PRIMÊRE SKOOL,HJVTHCM5QZ
VISTA HIGH SCHOOL,ZVZ0ADC9EA
VISTA NOVA-SCHOOL,X3RY502UU9
VLAKTEPLAAS UCC PRIMÊRE SKOOL,BJET7QPPM4
VLEIPLAAS NGK PRIMÊRE SKOOL,0QZVGWIQ86
VLOTTENBURG PRIMÊRE SKOOL,U3AO5KHR8D
VOLMOED PRIMÊRE SKOOL,N0EQTYLSYH
VOLSCHENK LAERSKOOL,JTOT3JX1E3
VONDELING NAK PRIMÊRE SKOOL,F20LSQUZR9
VOORBEDAG PRIMÊRE SKOOL,V6QVXSPQ76
VOORBRUG SEKONDÊR,QT4FZVVR1S
VOORSORG NGK PRIMÊRE SKOOL,X6XKK8DP6Y
VOORSPOED PRIMARY SCHOOL,H69VOPXEHY
VOORTREKKER HOËRSKOOL,41J95VD8OV
VOORUITSIG PRIMÊRE SKOOL,2BBDLO2LOU
VOORWAARTS PRIMÊRE SKOOL,JLI1HZWM1W
VORENTOE LAERSKOOL,8SDIDDXUA6
VORENTOE PRIMARY SCHOOL,0ITAUJ6QB1
VREDEKLOOF PRIMARY,5NJVH8AIBC
VREDELUST PRIMARY SCHOOL,RMHL15O23V
VREDENBURG HOËRSKOOL,ZFUQOT2ZRU
VREDENBURG LAERSKOOL,7NEQKKG31P
VREDENDAL HOËRSKOOL,ZOHR4YKDBW
VREDENDAL LAERSKOOL,KYX3BE7N2W
VREDENDAL SEKONDÊR,2LNE5S8AME
VREDENDAL-NOORD PRIMÊRE SKOOL,509G50KTEC
VRIJZEE VOORBEREIDINGSKOOL,XRX66KRWHP
VRT PITT PRIMARY SCHOOL,0OHPVNVUGV
VUKANI PRIMARY SCHOOL,K2KBTJMZ50
VUKUKHANYE PRIMARY SCHOOL,W1HQXS7WOU
VUSELELA PRIMARY SCHOOL,AP3VZAWU8W
VUSISIZWE SECONDARY SCHOOL,HZLXMLG87G
VUYANI PRIMARY SCHOOL,Q0GJ8B89PC
VUYISEKA SECONDARY SCHOOL,FD23L6F7AC
VUZAMANZI PUBLIC PRIMARY SCHOOL,IHDV931HMT
W.A. JOUBERT PRIMÊRE SKOOL,72UYSNJQFX
W.A. ROSSOUW PRIMÊRE SKOOL,28RFAE5O4N
W.D. HENDRICKS PRIMARY SCHOOL,3S3XMLAAAC
W.F. LOOTS PRIMARY SCHOOL,KBZ8KUOMFM
W.J. LE ROUX LB PRIMÊRE SKOOL,DOMTRD9JFG
WABOOMSHEUWEL NGK PRIMÊRE SKOOL,MZ9DQE1AMJ
WABOOMSKRAAL VGK PRIMÊRE SKOOL,5MIQ8E5YQA
WAGENHUISKRANTZ PRIMÊRE SKOOL,1VOTMU11TL
WAGENMAKERSVALLEI NGK PRIMÊRE SKOOL,WBSYYNHMZT
WAKKERSTROOM-OOS NGK PRIMÊRE SKOOL,X3H68A9ANQ
WAKKERSTROOM-WES PRIMÊRE SKOOL,MFKWHFWW8M
WALLACEDENE PRIMARY SCHOOL,MTZU1XBGBH
WALLACEDENE SECONDARY SCHOOL,NKZKB7UXYN
WALMER ESTATE PRIMARY SCHOOL,PPB85XIQGA
WALMER SECONDARY SCHOOL,M7FOFQWLL2
WALTER TEKA PUBLIC PRIMARY SCHOOL,Q7ULOH43PD
WANGANELLA NGK PRIMÊRE SKOOL,H6YNT4ENAY
WARDIA VGK PRIMÊRE SKOOL,O31DRIR8US
WASHINGTON DRIVE HIGH SCHOOL,BNRFTW4UHT
WASHINGTON DRIVE PRIMARY SCHOOL,RZQP8A1YU6
WATSONIA PRIMARY SCHOOL,U35H62W590
WAVECREST PRIMARY SCHOOL,BNPY5ZC5Y1
WEBER GEDENK NGK PRIMÊRE SKOOL,QC28MGCQS5
WEBNERSTRAAT PRIMÊRE SKOOL,Q36DO5VPUR
WELCOME PRIMARY SCHOOL,Y5YXKASECG
WELGEMEEND NGK PRIMÊRE SKOOL,X55EF6XYZR
WELGEMOED NGK PRIMÊRE SKOOL,AFAXMJHCVM
WELGEMOED PRIMARY SCHOOL,SB2F9M7PF4
WELLINGTON PRIMARY SCHOOL,ADU88JME6N
WELLINGTON SCHOOL OF SKILLS,VUQITUWNPP
WELLINGTON SECONDARY SCHOOL,SMTSHXAWOD
WELTEVREDE NGK PRIMÊRE SKOOL (ROBERTSON),MMAGL48AI2
WELTEVREDE NGK PRIMÊRE SKOOL (WORCESTER),VD6T78GCQ2
WELTEVREDE SEKONDÊR,3N8VP1QPR2
WELTEVREDE VGK PRIMÊRE SKOOL (BARRYDALE),BDZ45PJ8YT
WELTEVREDEN NGK PRIMÊRE SKOOL,J50J7EPWTO
WELTEVREDEN VALLEY CORE PRIMARY SCHOOL,MO1XA51OWX
WELVAART NGK PRIMÊRE SKOOL,B4ELK4TG3U
WELVILLE EK PRIMÊRE SKOOL,VHL7PTBENP
WELWITSCIHA PRIMARY SCHOOL,AZUAPF3ZQ9
WEMMERSHOEK PRIMÊRE SKOOL,6427CUIMZH
WES-EIND PRIMÊRE SKOOL,OFF0YZ863V
WESBANK LAERSKOOL,BR64RGO6ZK
WESBANK SEKONDÊR,JV8OEKNH7B
WESFLEUR PRIMÊRE SKOOL,1DNGINKRAY
WESKUS SPESIALE SKOOL,QIY1BHCGKR
WESLEY METHODIST PRACTISING SCHOOL,FEZPAPYNPW
WESPOORT PRIMARY SCHOOL,8282T7DSLE
WEST BANK HIGH SCHOOL,88QJOOZ4YC
WEST BANK NO.1 PRIMARY SCHOOL,0QPKH2Z04F
WEST END PRIMARY SCHOOL,BMZQ1P0YNJ
WEST RIDING PRIMARY SCHOOL,264LTM0LW7
WESTCLIFF SPESIALE SKOOL,BPWHD1RLUC
WESTCOTT PRIMARY SCHOOL,92SGB6SVVI
WESTERFORD HIGH SCHOOL,MV2GFZ44E9
WESTERN CAPE SPORT SCHOOL,IMW3YACCHO
WESTLAKE PRIMARY SCHOOL,V4UQ6UILNP
WESTON SEKONDÊR,0QUUUUCULK
WESTRIDGE SECONDARY SCHOOL,4VOXB7AO0G
WESTVILLE PRIMARY SCHOOL,66DZ7QROGV
WILLEM BUCHHOLZ NGK PRIMÊRE SKOOL,QPDLY3DJ9K
WILLIAM LLOYD PRIMARY SCHOOL,LEEHGD90KT
WILLOWS PRIMARY SCHOOL,PT7HZY1XU7
WINDERMERE PRIMARY SCHOOL,2IHGT9LK5S
WINDERMERE SEKONDÊR,G4Z0TS3GE9
WINDMEUL PRIMÊRE SKOOL,3IDXFJ4PTA
WINDSOR HIGH SCHOOL,O62NDT0LZL
WINDSOR PREPARATORY,5V213WVRHG
WINELANDS PRIMARY,O8C2HRKGG4
WINGFIELD PRIMARY SCHOOL,NQPCU6Q5HQ
WINSLEY PRIMÊRE SKOOL,8376BHB9VT
WITSAND PRIMARY SCHOOL,MDWLSQ9RB4
WITTEBOME HIGH SCHOOL,V0CC64SG11
WITTEDRIF PRIMÊRE SKOOL,1682AE0ONL
WITTEDRIFT HOËRSKOOL,44J0IRO84Y
WITZENBERG PRIMÊRE SKOOL,98H7LMQKJY
WOLRAAD WOLTEMADE PRIMARY SCHOOL,549SSCJ76N
WOLSELEY LAERSKOOL,OU639IIBHG
WOLSELEY SEKONDÊR,AAIGZUO6JG
WOODBRIDGE PRIMARY SCHOOL,WA32KBTP44
WOODLANDS PRIMARY SCHOOL,10RHKDAVWO
WOODLANDS SECONDARY SCHOOL,8PRC3W9W4J
WOODVILLE PRIMARY SCHOOL,GWMKW2120Z
WORCESTER GIMNASIUM,IKB8D4LNZU
WORCESTER LAERSKOOL,179RK32T6W
WORCESTER MOSLEM PRIMÊR,RCJYPSSE2S
WORCESTER NGK OEFEN PRIMÊRE SKOOL,JM03M0U8J8
WORCESTER RK PRIMARY SCHOOL,K6J9BN36HK
WORCESTER SEKONDÊR,Q24MSGTRJ8
WORCESTER-NOORD PRIMÊRE SKOOL,PY6HJ67X82
WORCESTER-OOS LAERSKOOL,YG2YBUKBU5
WUPPERTHAL MOR PRIMÊRE SKOOL,TUFLXE9GYX
WYNBERG BOYS' HIGH SCHOOL,5QRZMRNTVA
WYNBERG BOYS' JUNIOR,KYBKP5Q7DP
WYNBERG GIRLS' HIGH SCHOOL,C7Q2Q1SO4E
WYNBERG GIRLS' JUNIOR SCHOOL,GWSHN60DOU
WYNBERG HIGH SCHOOL,8H6TWPIQ8T
WYSERSDRIFT PRIMÊRE SKOOL,O2A0R71CDF
XOLANI PRIMARY SCHOOL,817PXZ0FS9
YELLOWWOOD PRIMARY SCHOOL,G186CRWE0L
YOMELELA PRIMARY SCHOOL,4OBK3ULMPO
YORK HIGH SCHOOL,P1Y7ZRNJ3J
YORK ROAD PRIMARY SCHOOL,NCWWQ4EBSW
YSTERPLAAT JUNIOR PRIMARY SCHOOL,G3IQ1YEZEB
YSTERPLAAT PRIMARY SCHOOL,CRLV33ARGE
ZANDVLIET HOËRSKOOL,QJ1E4CLZOG
ZANEMFUNDO PRIMARY SCHOOL,Y73OQL0R79
ZEEKOEGAT VGK PRIMÊRE SKOOL,JFMHI52Q71
ZEEKOEVLEI PRIMARY SCHOOL,22GGHELUTI
ZEEKOEVLEI SECONDARY SCHOOL,04M0NNQJPG
ZERILDA PARK PRIMARY SCHOOL,X4AWSNN1LK
ZIMASA PRIMARY SCHOOL,O1MWT6MZTT
ZISUKHANYO SECONDARY SCHOOL,20I4U1CIVP
ZOAR EK PRIMÊRE SKOOL,M5UL8F0Y64
ZOAR R.P. BOTHA VGK PRIMÊRE SKOOL,9HU31WXO24
ZOLA SENIOR SECONDARY SCHOOL,W3BYAWZMR8
ZONNEBLOEM BOYS PRIMARY SCHOOL,2LRBSOCPMB
ZONNEBLOEM GIRLS PRAC. SCHOOL,SUL1WGQZHF
ZONNEBLOEM NEST SENIOR SCHOOL,WARTXWSXBK
ZWAANSWYK ACADEMY/AKADEMIE,BWXRYS52XT
ZWAANSWYK HIGH SCHOOL,RHGJBQVKF5
ZWARTBERG HOËRSKOOL,O03M6HOL44
ZWELETHEMBA HIGH SCHOOL,V5SNCSP6ZX
ZWELIHLE PRIMARY SCHOOL,933OLESYYK